area,perimeter,aspect_ratio,extent,solidity,centroid_x,centroid_y,label,image,mask_index,side,image_folder,mask_folder
9969.5,394.40916085243225,1.4886363636363635,0.8648074253990284,0.9903148902354226,0.0580499221289274,0.431896385304836,1,frame_0000.tif,2,l,C:\Users\raglo\OneDrive - University of Arizona\Printz Lab\Data\Capillary_Bridges\My_better_CLB_videos\5-9\s1_tifs,C:\Users\raglo\OneDrive - University of Arizona\Printz Lab\Data\Capillary_Bridges\masks_json
9486.0,421.4802281856537,1.7,0.871875,0.9555757026291932,0.936780337385096,0.4254046684569304,1,frame_0000.tif,6,r,C:\Users\raglo\OneDrive - University of Arizona\Printz Lab\Data\Capillary_Bridges\My_better_CLB_videos\5-9\s1_tifs,C:\Users\raglo\OneDrive - University of Arizona\Printz Lab\Data\Capillary_Bridges\masks_json
9939.0,392.9949476718903,1.5057471264367817,0.8720715977888918,0.9913720013964392,0.0583769612292531,0.4316102219587697,1,frame_0001.tif,2,l,C:\Users\raglo\OneDrive - University of Arizona\Printz Lab\Data\Capillary_Bridges\My_better_CLB_videos\5-9\s1_tifs,C:\Users\raglo\OneDrive - University of Arizona\Printz Lab\Data\Capillary_Bridges\masks_json
9704.5,424.8944420814514,1.6585365853658536,0.8702026542324247,0.9580906308618816,0.9368304501300242,0.4254670436948765,1,frame_0001.tif,6,r,C:\Users\raglo\OneDrive - University of Arizona\Printz Lab\Data\Capillary_Bridges\My_better_CLB_videos\5-9\s1_tifs,C:\Users\raglo\OneDrive - University of Arizona\Printz Lab\Data\Capillary_Bridges\masks_json
9850.5,392.0660156011581,1.4886363636363635,0.8544847328244275,0.9876673183937434,0.0581959020197866,0.4320075757575757,1,frame_0002.tif,3,l,C:\Users\raglo\OneDrive - University of Arizona\Printz Lab\Data\Capillary_Bridges\My_better_CLB_videos\5-9\s1_tifs,C:\Users\raglo\OneDrive - University of Arizona\Printz Lab\Data\Capillary_Bridges\masks_json
9642.0,426.7939373254776,1.691358024691358,0.8688834820221681,0.9545589545589546,0.9367508289714402,0.4245763458346038,1,frame_0002.tif,5,r,C:\Users\raglo\OneDrive - University of Arizona\Printz Lab\Data\Capillary_Bridges\My_better_CLB_videos\5-9\s1_tifs,C:\Users\raglo\OneDrive - University of Arizona\Printz Lab\Data\Capillary_Bridges\masks_json
9844.0,390.1665204763413,1.4942528735632183,0.8703801945181255,0.991139750302054,0.0582364757879513,0.4317350887692,1,frame_0003.tif,2,l,C:\Users\raglo\OneDrive - University of Arizona\Printz Lab\Data\Capillary_Bridges\My_better_CLB_videos\5-9\s1_tifs,C:\Users\raglo\OneDrive - University of Arizona\Printz Lab\Data\Capillary_Bridges\masks_json
9579.5,420.8944422006607,1.691358024691358,0.8632513291880688,0.9583812715722076,0.9364918678069054,0.4260982779198636,1,frame_0003.tif,5,r,C:\Users\raglo\OneDrive - University of Arizona\Printz Lab\Data\Capillary_Bridges\My_better_CLB_videos\5-9\s1_tifs,C:\Users\raglo\OneDrive - University of Arizona\Printz Lab\Data\Capillary_Bridges\masks_json
9831.5,392.0660148859024,1.5057471264367817,0.8626392910415022,0.9906791616283755,0.0581280468203835,0.4318504610672792,1,frame_0004.tif,2,l,C:\Users\raglo\OneDrive - University of Arizona\Printz Lab\Data\Capillary_Bridges\My_better_CLB_videos\5-9\s1_tifs,C:\Users\raglo\OneDrive - University of Arizona\Printz Lab\Data\Capillary_Bridges\masks_json
9734.5,424.89444267749786,1.670731707317073,0.8665212747017981,0.9571309178506464,0.9366446720511982,0.4256804940260438,1,frame_0004.tif,6,r,C:\Users\raglo\OneDrive - University of Arizona\Printz Lab\Data\Capillary_Bridges\My_better_CLB_videos\5-9\s1_tifs,C:\Users\raglo\OneDrive - University of Arizona\Printz Lab\Data\Capillary_Bridges\masks_json
9925.5,392.4091613292694,1.4772727272727273,0.8676136363636363,0.9903711833965276,0.0581082705221112,0.4320298113705316,1,frame_0005.tif,2,l,C:\Users\raglo\OneDrive - University of Arizona\Printz Lab\Data\Capillary_Bridges\My_better_CLB_videos\5-9\s1_tifs,C:\Users\raglo\OneDrive - University of Arizona\Printz Lab\Data\Capillary_Bridges\masks_json
9600.0,425.9655092954636,1.670731707317073,0.8545486914723162,0.9507303788066354,0.9362563954526896,0.4258196046408765,1,frame_0005.tif,5,r,C:\Users\raglo\OneDrive - University of Arizona\Printz Lab\Data\Capillary_Bridges\My_better_CLB_videos\5-9\s1_tifs,C:\Users\raglo\OneDrive - University of Arizona\Printz Lab\Data\Capillary_Bridges\masks_json
9918.5,394.40916085243225,1.4886363636363635,0.860383414295628,0.9890312609064168,0.0582354901875866,0.431816537979278,1,frame_0006.tif,2,l,C:\Users\raglo\OneDrive - University of Arizona\Printz Lab\Data\Capillary_Bridges\My_better_CLB_videos\5-9\s1_tifs,C:\Users\raglo\OneDrive - University of Arizona\Printz Lab\Data\Capillary_Bridges\masks_json
9743.0,429.1370834112168,1.670731707317073,0.8672779063557059,0.9549620191129624,0.9366431749459364,0.4252285925031852,1,frame_0006.tif,6,r,C:\Users\raglo\OneDrive - University of Arizona\Printz Lab\Data\Capillary_Bridges\My_better_CLB_videos\5-9\s1_tifs,C:\Users\raglo\OneDrive - University of Arizona\Printz Lab\Data\Capillary_Bridges\masks_json
9723.5,391.23758804798126,1.5232558139534884,0.8630836144150541,0.9893671143671144,0.0583648173271075,0.4324805653710247,1,frame_0007.tif,2,l,C:\Users\raglo\OneDrive - University of Arizona\Printz Lab\Data\Capillary_Bridges\My_better_CLB_videos\5-9\s1_tifs,C:\Users\raglo\OneDrive - University of Arizona\Printz Lab\Data\Capillary_Bridges\masks_json
9715.0,424.3086556196213,1.670731707317073,0.8647854726722449,0.959079915099462,0.9360638265171004,0.4257921711057304,1,frame_0007.tif,6,r,C:\Users\raglo\OneDrive - University of Arizona\Printz Lab\Data\Capillary_Bridges\My_better_CLB_videos\5-9\s1_tifs,C:\Users\raglo\OneDrive - University of Arizona\Printz Lab\Data\Capillary_Bridges\masks_json
9894.5,391.2375878095627,1.4772727272727273,0.8649038461538462,0.9896479295859172,0.0579667767157106,0.4316538308852719,1,frame_0008.tif,2,l,C:\Users\raglo\OneDrive - University of Arizona\Printz Lab\Data\Capillary_Bridges\My_better_CLB_videos\5-9\s1_tifs,C:\Users\raglo\OneDrive - University of Arizona\Printz Lab\Data\Capillary_Bridges\masks_json
9754.0,422.65180230140686,1.670731707317073,0.8682570767313512,0.957494846372828,0.93617171405512,0.4260012729038957,1,frame_0008.tif,6,r,C:\Users\raglo\OneDrive - University of Arizona\Printz Lab\Data\Capillary_Bridges\My_better_CLB_videos\5-9\s1_tifs,C:\Users\raglo\OneDrive - University of Arizona\Printz Lab\Data\Capillary_Bridges\masks_json
9833.0,390.99494755268097,1.5057471264367817,0.8627709046240238,0.991379744921107,0.0583048279143784,0.431959793642869,1,frame_0009.tif,2,l,C:\Users\raglo\OneDrive - University of Arizona\Printz Lab\Data\Capillary_Bridges\My_better_CLB_videos\5-9\s1_tifs,C:\Users\raglo\OneDrive - University of Arizona\Printz Lab\Data\Capillary_Bridges\masks_json
9909.0,428.308655500412,1.670731707317073,0.8820544774790814,0.9637698779360988,0.9366937659217948,0.4249894473024667,1,frame_0009.tif,5,r,C:\Users\raglo\OneDrive - University of Arizona\Printz Lab\Data\Capillary_Bridges\My_better_CLB_videos\5-9\s1_tifs,C:\Users\raglo\OneDrive - University of Arizona\Printz Lab\Data\Capillary_Bridges\masks_json
9997.5,395.23758816719055,1.4886363636363635,0.8672362942401111,0.9911271934172696,0.058058228102593,0.4317057263530105,1,frame_0010.tif,2,l,C:\Users\raglo\OneDrive - University of Arizona\Printz Lab\Data\Capillary_Bridges\My_better_CLB_videos\5-9\s1_tifs,C:\Users\raglo\OneDrive - University of Arizona\Printz Lab\Data\Capillary_Bridges\masks_json
9669.5,424.5512959957123,1.670731707317073,0.8607352679366209,0.9532235804416404,0.9362686562436652,0.4254783431312927,1,frame_0010.tif,5,r,C:\Users\raglo\OneDrive - University of Arizona\Printz Lab\Data\Capillary_Bridges\My_better_CLB_videos\5-9\s1_tifs,C:\Users\raglo\OneDrive - University of Arizona\Printz Lab\Data\Capillary_Bridges\masks_json
9879.5,391.5807337760925,1.5057471264367817,0.866850925682197,0.9924158714213964,0.0580385011367024,0.4316872722454118,1,frame_0011.tif,2,l,C:\Users\raglo\OneDrive - University of Arizona\Printz Lab\Data\Capillary_Bridges\My_better_CLB_videos\5-9\s1_tifs,C:\Users\raglo\OneDrive - University of Arizona\Printz Lab\Data\Capillary_Bridges\masks_json
9574.5,422.8944418430328,1.670731707317073,0.8522787965105928,0.9502754205746612,0.9361474444465766,0.4252318084126496,1,frame_0011.tif,6,r,C:\Users\raglo\OneDrive - University of Arizona\Printz Lab\Data\Capillary_Bridges\My_better_CLB_videos\5-9\s1_tifs,C:\Users\raglo\OneDrive - University of Arizona\Printz Lab\Data\Capillary_Bridges\masks_json
10002.0,393.8233743906021,1.4886363636363635,0.8676266481609993,0.9922619047619048,0.0580806831431026,0.4317773195876289,1,frame_0012.tif,2,l,C:\Users\raglo\OneDrive - University of Arizona\Printz Lab\Data\Capillary_Bridges\My_better_CLB_videos\5-9\s1_tifs,C:\Users\raglo\OneDrive - University of Arizona\Printz Lab\Data\Capillary_Bridges\masks_json
9754.0,425.4802281856537,1.670731707317073,0.8682570767313512,0.9588125430059964,0.9364014653147608,0.4252662111468381,1,frame_0012.tif,6,r,C:\Users\raglo\OneDrive - University of Arizona\Printz Lab\Data\Capillary_Bridges\My_better_CLB_videos\5-9\s1_tifs,C:\Users\raglo\OneDrive - University of Arizona\Printz Lab\Data\Capillary_Bridges\masks_json
9995.0,394.6518017053604,1.4719101123595506,0.8572776395917318,0.9888207360506528,0.0580692002665061,0.4314644658413571,1,frame_0013.tif,3,l,C:\Users\raglo\OneDrive - University of Arizona\Printz Lab\Data\Capillary_Bridges\My_better_CLB_videos\5-9\s1_tifs,C:\Users\raglo\OneDrive - University of Arizona\Printz Lab\Data\Capillary_Bridges\masks_json
9846.5,427.72286999225616,1.6626506024096386,0.859656015365811,0.953333010601733,0.9359463469076656,0.4254715115314418,1,frame_0013.tif,6,r,C:\Users\raglo\OneDrive - University of Arizona\Printz Lab\Data\Capillary_Bridges\My_better_CLB_videos\5-9\s1_tifs,C:\Users\raglo\OneDrive - University of Arizona\Printz Lab\Data\Capillary_Bridges\masks_json
9914.5,392.4091609716416,1.5057471264367817,0.8699219092743704,0.9924424424424424,0.0582794162251163,0.4315841669142649,1,frame_0014.tif,2,l,C:\Users\raglo\OneDrive - University of Arizona\Printz Lab\Data\Capillary_Bridges\My_better_CLB_videos\5-9\s1_tifs,C:\Users\raglo\OneDrive - University of Arizona\Printz Lab\Data\Capillary_Bridges\masks_json
9813.0,428.308656334877,1.670731707317073,0.8735089905643582,0.9541543098838056,0.9365487001535656,0.425082567585564,1,frame_0014.tif,13,r,C:\Users\raglo\OneDrive - University of Arizona\Printz Lab\Data\Capillary_Bridges\My_better_CLB_videos\5-9\s1_tifs,C:\Users\raglo\OneDrive - University of Arizona\Printz Lab\Data\Capillary_Bridges\masks_json
9930.0,390.9949477910996,1.5057471264367817,0.8712819162937615,0.993148972345852,0.0582349753078026,0.4315457542194092,1,frame_0015.tif,2,l,C:\Users\raglo\OneDrive - University of Arizona\Printz Lab\Data\Capillary_Bridges\My_better_CLB_videos\5-9\s1_tifs,C:\Users\raglo\OneDrive - University of Arizona\Printz Lab\Data\Capillary_Bridges\masks_json
9705.5,426.89444267749786,1.6829268292682926,0.8576793920113114,0.9516595577781046,0.9358237517669628,0.4256884760366182,1,frame_0015.tif,6,r,C:\Users\raglo\OneDrive - University of Arizona\Printz Lab\Data\Capillary_Bridges\My_better_CLB_videos\5-9\s1_tifs,C:\Users\raglo\OneDrive - University of Arizona\Printz Lab\Data\Capillary_Bridges\masks_json
10131.5,396.8944420814514,1.4831460674157304,0.8624021109976167,0.9902262620339148,0.0587509088705768,0.4304597188560349,1,frame_0016.tif,2,l,C:\Users\raglo\OneDrive - University of Arizona\Printz Lab\Data\Capillary_Bridges\My_better_CLB_videos\5-9\s1_tifs,C:\Users\raglo\OneDrive - University of Arizona\Printz Lab\Data\Capillary_Bridges\masks_json
11200.0,468.4507911205292,1.811764705882353,0.8556149732620321,0.9568560444254592,0.929741045425681,0.4226201862719336,1,frame_0016.tif,4,r,C:\Users\raglo\OneDrive - University of Arizona\Printz Lab\Data\Capillary_Bridges\My_better_CLB_videos\5-9\s1_tifs,C:\Users\raglo\OneDrive - University of Arizona\Printz Lab\Data\Capillary_Bridges\masks_json
10607.0,406.3086562156677,1.4408602150537635,0.8511474883646285,0.9866976744186048,0.0601439468503937,0.4282881580978848,1,frame_0017.tif,2,l,C:\Users\raglo\OneDrive - University of Arizona\Printz Lab\Data\Capillary_Bridges\My_better_CLB_videos\5-9\s1_tifs,C:\Users\raglo\OneDrive - University of Arizona\Printz Lab\Data\Capillary_Bridges\masks_json
13467.5,524.0071406364441,1.9662921348314608,0.8646869983948635,0.9491841984705924,0.9185216368070752,0.4208138098711403,1,frame_0017.tif,4,r,C:\Users\raglo\OneDrive - University of Arizona\Printz Lab\Data\Capillary_Bridges\My_better_CLB_videos\5-9\s1_tifs,C:\Users\raglo\OneDrive - University of Arizona\Printz Lab\Data\Capillary_Bridges\masks_json
11613.5,421.3797233104706,1.3636363636363635,0.8689487467265246,0.9912089787905944,0.060107554200542,0.4235853658536585,1,frame_0018.tif,2,l,C:\Users\raglo\OneDrive - University of Arizona\Printz Lab\Data\Capillary_Bridges\My_better_CLB_videos\5-9\s1_tifs,C:\Users\raglo\OneDrive - University of Arizona\Printz Lab\Data\Capillary_Bridges\masks_json
12145.0,431.6223644018173,1.3173076923076923,0.852400336889388,0.9869570517248384,0.0612747874726587,0.4210626485201987,1,frame_0019.tif,2,l,C:\Users\raglo\OneDrive - University of Arizona\Printz Lab\Data\Capillary_Bridges\My_better_CLB_videos\5-9\s1_tifs,C:\Users\raglo\OneDrive - University of Arizona\Printz Lab\Data\Capillary_Bridges\masks_json
19171.0,653.9898954629898,1.935185185185185,0.8493265993265994,0.9514380009429514,0.9027050831407292,0.4142448210922787,1,frame_0019.tif,5,r,C:\Users\raglo\OneDrive - University of Arizona\Printz Lab\Data\Capillary_Bridges\My_better_CLB_videos\5-9\s1_tifs,C:\Users\raglo\OneDrive - University of Arizona\Printz Lab\Data\Capillary_Bridges\masks_json
12699.0,441.62236416339874,1.3113207547169812,0.8618840776435456,0.9882874820031908,0.0625288359538479,0.4185690149577617,1,frame_0020.tif,3,l,C:\Users\raglo\OneDrive - University of Arizona\Printz Lab\Data\Capillary_Bridges\My_better_CLB_videos\5-9\s1_tifs,C:\Users\raglo\OneDrive - University of Arizona\Printz Lab\Data\Capillary_Bridges\masks_json
13769.5,455.8650043010712,1.236842105263158,0.8566318277964414,0.988939562609976,0.0627759243115164,0.4143596566523606,1,frame_0021.tif,2,l,C:\Users\raglo\OneDrive - University of Arizona\Printz Lab\Data\Capillary_Bridges\My_better_CLB_videos\5-9\s1_tifs,C:\Users\raglo\OneDrive - University of Arizona\Printz Lab\Data\Capillary_Bridges\masks_json
14454.5,466.208150267601,1.2327586206896552,0.8713829274174102,0.9927882138809712,0.0634820207594915,0.4107669097766568,1,frame_0022.tif,1,l,C:\Users\raglo\OneDrive - University of Arizona\Printz Lab\Data\Capillary_Bridges\My_better_CLB_videos\5-9\s1_tifs,C:\Users\raglo\OneDrive - University of Arizona\Printz Lab\Data\Capillary_Bridges\masks_json
26084.0,793.102593421936,2.1271186440677967,0.880680667161861,0.9588824556566492,0.882044520438691,0.404183908045977,1,frame_0022.tif,4,r,C:\Users\raglo\OneDrive - University of Arizona\Printz Lab\Data\Capillary_Bridges\My_better_CLB_videos\5-9\s1_tifs,C:\Users\raglo\OneDrive - University of Arizona\Printz Lab\Data\Capillary_Bridges\masks_json
15038.0,478.9360722303391,1.1885245901639343,0.8500847936687393,0.9849680694285248,0.0648990708352447,0.4082332175546672,1,frame_0023.tif,2,l,C:\Users\raglo\OneDrive - University of Arizona\Printz Lab\Data\Capillary_Bridges\My_better_CLB_videos\5-9\s1_tifs,C:\Users\raglo\OneDrive - University of Arizona\Printz Lab\Data\Capillary_Bridges\masks_json
30027.0,743.0193330049515,2.0076335877862594,0.8715351348213508,0.9706795112174308,0.8781569625658545,0.3969565141038305,1,frame_0023.tif,5,r,C:\Users\raglo\OneDrive - University of Arizona\Printz Lab\Data\Capillary_Bridges\My_better_CLB_videos\5-9\s1_tifs,C:\Users\raglo\OneDrive - University of Arizona\Printz Lab\Data\Capillary_Bridges\masks_json
16469.0,497.0782072544098,1.1307692307692307,0.8618001046572475,0.9917499698904012,0.0649162859533149,0.4028738895210716,1,frame_0024.tif,2,l,C:\Users\raglo\OneDrive - University of Arizona\Printz Lab\Data\Capillary_Bridges\My_better_CLB_videos\5-9\s1_tifs,C:\Users\raglo\OneDrive - University of Arizona\Printz Lab\Data\Capillary_Bridges\masks_json
34698.0,802.3330411911011,2.0955882352941178,0.8952012383900929,0.9756083845299518,0.8679080601156193,0.3905050182481752,1,frame_0025.tif,3,r,C:\Users\raglo\OneDrive - University of Arizona\Printz Lab\Data\Capillary_Bridges\My_better_CLB_videos\5-9\s1_tifs,C:\Users\raglo\OneDrive - University of Arizona\Printz Lab\Data\Capillary_Bridges\masks_json
17964.5,516.8355679512024,1.1094890510948905,0.8626824817518248,0.992513812154696,0.0675212791160797,0.3974136131406911,1,frame_0026.tif,1,l,C:\Users\raglo\OneDrive - University of Arizona\Printz Lab\Data\Capillary_Bridges\My_better_CLB_videos\5-9\s1_tifs,C:\Users\raglo\OneDrive - University of Arizona\Printz Lab\Data\Capillary_Bridges\masks_json
37136.5,823.2619743347168,2.129496402877698,0.9025981917168968,0.9786928449071024,0.8629405904785858,0.3877347334008492,1,frame_0026.tif,3,r,C:\Users\raglo\OneDrive - University of Arizona\Printz Lab\Data\Capillary_Bridges\My_better_CLB_videos\5-9\s1_tifs,C:\Users\raglo\OneDrive - University of Arizona\Printz Lab\Data\Capillary_Bridges\masks_json
19511.5,537.3208487033844,1.0476190476190477,0.8618915098506935,0.994647363189152,0.0675327639461764,0.3916642205239806,1,frame_0027.tif,1,l,C:\Users\raglo\OneDrive - University of Arizona\Printz Lab\Data\Capillary_Bridges\My_better_CLB_videos\5-9\s1_tifs,C:\Users\raglo\OneDrive - University of Arizona\Printz Lab\Data\Capillary_Bridges\masks_json
39568.5,847.1198391914368,2.132867132867133,0.9072222859108106,0.9821654628043786,0.8579823331321307,0.3831980918067788,1,frame_0027.tif,3,r,C:\Users\raglo\OneDrive - University of Arizona\Printz Lab\Data\Capillary_Bridges\My_better_CLB_videos\5-9\s1_tifs,C:\Users\raglo\OneDrive - University of Arizona\Printz Lab\Data\Capillary_Bridges\masks_json
20077.0,547.5634899139404,1.04,0.857991452991453,0.9925841696741978,0.0686643195988489,0.3894589338711529,1,frame_0028.tif,1,l,C:\Users\raglo\OneDrive - University of Arizona\Printz Lab\Data\Capillary_Bridges\My_better_CLB_videos\5-9\s1_tifs,C:\Users\raglo\OneDrive - University of Arizona\Printz Lab\Data\Capillary_Bridges\masks_json
42553.5,883.546243429184,2.0866666666666664,0.9063578274760384,0.981739531664552,0.8547426536618344,0.3816603820604474,1,frame_0028.tif,3,r,C:\Users\raglo\OneDrive - University of Arizona\Printz Lab\Data\Capillary_Bridges\My_better_CLB_videos\5-9\s1_tifs,C:\Users\raglo\OneDrive - University of Arizona\Printz Lab\Data\Capillary_Bridges\masks_json
21113.0,561.5634894371033,1.0258064516129033,0.8566849259484682,0.9929454921694963,0.0700161773436037,0.3852933433152411,1,frame_0029.tif,1,l,C:\Users\raglo\OneDrive - University of Arizona\Printz Lab\Data\Capillary_Bridges\My_better_CLB_videos\5-9\s1_tifs,C:\Users\raglo\OneDrive - University of Arizona\Printz Lab\Data\Capillary_Bridges\masks_json
45684.0,907.5046136379242,2.0641025641025643,0.909460105112279,0.9810907450955126,0.8512502985125546,0.3759960407569142,1,frame_0029.tif,2,r,C:\Users\raglo\OneDrive - University of Arizona\Printz Lab\Data\Capillary_Bridges\My_better_CLB_videos\5-9\s1_tifs,C:\Users\raglo\OneDrive - University of Arizona\Printz Lab\Data\Capillary_Bridges\masks_json
22314.5,576.9777017831802,1.0125,0.8608989197530864,0.9940307815666972,0.0709202080842301,0.3828663625762071,1,frame_0030.tif,1,l,C:\Users\raglo\OneDrive - University of Arizona\Printz Lab\Data\Capillary_Bridges\My_better_CLB_videos\5-9\s1_tifs,C:\Users\raglo\OneDrive - University of Arizona\Printz Lab\Data\Capillary_Bridges\masks_json
48082.0,933.646749138832,2.0245398773006134,0.8938836214909834,0.9789976279434373,0.8474106347980355,0.3706571567960531,1,frame_0030.tif,3,r,C:\Users\raglo\OneDrive - University of Arizona\Printz Lab\Data\Capillary_Bridges\My_better_CLB_videos\5-9\s1_tifs,C:\Users\raglo\OneDrive - University of Arizona\Printz Lab\Data\Capillary_Bridges\masks_json
23258.0,589.7056245803833,1.0060975609756098,0.8594974131559497,0.9945691682702588,0.0721905846242934,0.37996735942879,1,frame_0031.tif,1,l,C:\Users\raglo\OneDrive - University of Arizona\Printz Lab\Data\Capillary_Bridges\My_better_CLB_videos\5-9\s1_tifs,C:\Users\raglo\OneDrive - University of Arizona\Printz Lab\Data\Capillary_Bridges\masks_json
50867.0,951.9898960590364,2.0,0.8904975315990337,0.9788609750699984,0.8441528617667836,0.3692492773393094,1,frame_0031.tif,2,r,C:\Users\raglo\OneDrive - University of Arizona\Printz Lab\Data\Capillary_Bridges\My_better_CLB_videos\5-9\s1_tifs,C:\Users\raglo\OneDrive - University of Arizona\Printz Lab\Data\Capillary_Bridges\masks_json
23895.5,599.9482644796371,1.0,0.8466376133786848,0.9898920855858656,0.0739061578828968,0.3776905106670528,1,frame_0032.tif,1,l,C:\Users\raglo\OneDrive - University of Arizona\Printz Lab\Data\Capillary_Bridges\My_better_CLB_videos\5-9\s1_tifs,C:\Users\raglo\OneDrive - University of Arizona\Printz Lab\Data\Capillary_Bridges\masks_json
54170.0,982.617311835289,1.9942196531791907,0.9075982240093826,0.9852315303190134,0.8415373222579391,0.3657249504286019,1,frame_0032.tif,3,r,C:\Users\raglo\OneDrive - University of Arizona\Printz Lab\Data\Capillary_Bridges\My_better_CLB_videos\5-9\s1_tifs,C:\Users\raglo\OneDrive - University of Arizona\Printz Lab\Data\Capillary_Bridges\masks_json
25585.0,621.0193340778351,0.9771428571428572,0.8549707602339182,0.9940554821664463,0.0743270891718206,0.3724430356912769,1,frame_0033.tif,1,l,C:\Users\raglo\OneDrive - University of Arizona\Printz Lab\Data\Capillary_Bridges\My_better_CLB_videos\5-9\s1_tifs,C:\Users\raglo\OneDrive - University of Arizona\Printz Lab\Data\Capillary_Bridges\masks_json
56079.5,1000.859952569008,2.0,0.9052088713842976,0.986065199043466,0.8374484194255531,0.362284686724328,1,frame_0033.tif,3,r,C:\Users\raglo\OneDrive - University of Arizona\Printz Lab\Data\Capillary_Bridges\My_better_CLB_videos\5-9\s1_tifs,C:\Users\raglo\OneDrive - University of Arizona\Printz Lab\Data\Capillary_Bridges\masks_json
25889.0,624.1909055709839,0.9829545454545454,0.8502693116132423,0.9922958988118052,0.0762176140596347,0.371999185004075,1,frame_0034.tif,1,l,C:\Users\raglo\OneDrive - University of Arizona\Printz Lab\Data\Capillary_Bridges\My_better_CLB_videos\5-9\s1_tifs,C:\Users\raglo\OneDrive - University of Arizona\Printz Lab\Data\Capillary_Bridges\masks_json
59162.5,1021.6883788108826,1.945652173913044,0.8981433689579791,0.9830597188528132,0.8347957892064604,0.3576682036406722,1,frame_0034.tif,2,r,C:\Users\raglo\OneDrive - University of Arizona\Printz Lab\Data\Capillary_Bridges\My_better_CLB_videos\5-9\s1_tifs,C:\Users\raglo\OneDrive - University of Arizona\Printz Lab\Data\Capillary_Bridges\masks_json
27094.0,637.01933157444,0.967032967032967,0.8458416583416584,0.9929634244667596,0.0772394364228466,0.3684193717213763,1,frame_0035.tif,0,l,C:\Users\raglo\OneDrive - University of Arizona\Printz Lab\Data\Capillary_Bridges\My_better_CLB_videos\5-9\s1_tifs,C:\Users\raglo\OneDrive - University of Arizona\Printz Lab\Data\Capillary_Bridges\masks_json
63175.5,1065.4284942150116,1.847715736040609,0.881010486974954,0.9787822449453868,0.8333385228107134,0.3550043768716885,1,frame_0035.tif,3,r,C:\Users\raglo\OneDrive - University of Arizona\Printz Lab\Data\Capillary_Bridges\My_better_CLB_videos\5-9\s1_tifs,C:\Users\raglo\OneDrive - University of Arizona\Printz Lab\Data\Capillary_Bridges\masks_json
28440.5,650.9188275337219,0.952127659574468,0.8451355045762511,0.9935545851528385,0.0783182464921361,0.3641999605646218,1,frame_0036.tif,2,l,C:\Users\raglo\OneDrive - University of Arizona\Printz Lab\Data\Capillary_Bridges\My_better_CLB_videos\5-9\s1_tifs,C:\Users\raglo\OneDrive - University of Arizona\Printz Lab\Data\Capillary_Bridges\masks_json
64022.5,1057.002087712288,1.892307692307692,0.8897574873184629,0.9805866135702253,0.8296661998969264,0.3530474138599129,1,frame_0036.tif,3,r,C:\Users\raglo\OneDrive - University of Arizona\Printz Lab\Data\Capillary_Bridges\My_better_CLB_videos\5-9\s1_tifs,C:\Users\raglo\OneDrive - University of Arizona\Printz Lab\Data\Capillary_Bridges\masks_json
29963.0,669.504615187645,0.9430051813471504,0.8530148607868815,0.9941438975430912,0.079420104276783,0.3600192923920584,1,frame_0037.tif,1,l,C:\Users\raglo\OneDrive - University of Arizona\Printz Lab\Data\Capillary_Bridges\My_better_CLB_videos\5-9\s1_tifs,C:\Users\raglo\OneDrive - University of Arizona\Printz Lab\Data\Capillary_Bridges\masks_json
67588.5,1098.7422032356262,1.8472906403940887,0.8878620689655172,0.9828123977577596,0.8284050647477458,0.3496014645989974,1,frame_0037.tif,3,r,C:\Users\raglo\OneDrive - University of Arizona\Printz Lab\Data\Capillary_Bridges\My_better_CLB_videos\5-9\s1_tifs,C:\Users\raglo\OneDrive - University of Arizona\Printz Lab\Data\Capillary_Bridges\masks_json
30998.0,684.8183224201202,0.9438775510204082,0.8548814120242691,0.992952783650458,0.080839801334153,0.3577951796968148,1,frame_0038.tif,1,l,C:\Users\raglo\OneDrive - University of Arizona\Printz Lab\Data\Capillary_Bridges\My_better_CLB_videos\5-9\s1_tifs,C:\Users\raglo\OneDrive - University of Arizona\Printz Lab\Data\Capillary_Bridges\masks_json
70653.5,1128.5411912202835,1.8309178743961352,0.9005837890201777,0.9851640115731864,0.8267795148036715,0.3454227730238353,1,frame_0038.tif,3,r,C:\Users\raglo\OneDrive - University of Arizona\Printz Lab\Data\Capillary_Bridges\My_better_CLB_videos\5-9\s1_tifs,C:\Users\raglo\OneDrive - University of Arizona\Printz Lab\Data\Capillary_Bridges\masks_json
32109.0,694.818323969841,0.9353233830845772,0.8497141949825341,0.9935022742040286,0.082214709317565,0.3544326713539739,1,frame_0039.tif,0,l,C:\Users\raglo\OneDrive - University of Arizona\Printz Lab\Data\Capillary_Bridges\My_better_CLB_videos\5-9\s1_tifs,C:\Users\raglo\OneDrive - University of Arizona\Printz Lab\Data\Capillary_Bridges\masks_json
71887.0,1124.9848433732986,1.855072463768116,0.904375503220612,0.9872214783534178,0.8235959360882975,0.3447004485213531,1,frame_0039.tif,3,r,C:\Users\raglo\OneDrive - University of Arizona\Printz Lab\Data\Capillary_Bridges\My_better_CLB_videos\5-9\s1_tifs,C:\Users\raglo\OneDrive - University of Arizona\Printz Lab\Data\Capillary_Bridges\masks_json
33522.0,713.3036032915115,0.9271844660194176,0.8519798708890357,0.9929796498711456,0.0832431464925108,0.3497117590869253,1,frame_0040.tif,2,l,C:\Users\raglo\OneDrive - University of Arizona\Printz Lab\Data\Capillary_Bridges\My_better_CLB_videos\5-9\s1_tifs,C:\Users\raglo\OneDrive - University of Arizona\Printz Lab\Data\Capillary_Bridges\masks_json
74755.0,1140.4995620250702,1.8046511627906976,0.8961280268520738,0.9861811945516308,0.8220941070479607,0.3391643948452238,1,frame_0040.tif,3,r,C:\Users\raglo\OneDrive - University of Arizona\Printz Lab\Data\Capillary_Bridges\My_better_CLB_videos\5-9\s1_tifs,C:\Users\raglo\OneDrive - University of Arizona\Printz Lab\Data\Capillary_Bridges\masks_json
35268.5,728.7178176641464,0.9154929577464788,0.8491272420849886,0.9945294324991188,0.0845812622444035,0.3469427482702768,1,frame_0041.tif,2,l,C:\Users\raglo\OneDrive - University of Arizona\Printz Lab\Data\Capillary_Bridges\My_better_CLB_videos\5-9\s1_tifs,C:\Users\raglo\OneDrive - University of Arizona\Printz Lab\Data\Capillary_Bridges\masks_json
76928.5,1147.7716398239136,1.8027522935779816,0.8979211896257908,0.9878395644329732,0.8195348657308194,0.3359037623234058,1,frame_0041.tif,3,r,C:\Users\raglo\OneDrive - University of Arizona\Printz Lab\Data\Capillary_Bridges\My_better_CLB_videos\5-9\s1_tifs,C:\Users\raglo\OneDrive - University of Arizona\Printz Lab\Data\Capillary_Bridges\masks_json
36252.5,742.0315268039703,0.9166666666666666,0.8476547886270108,0.9931647580954468,0.0860755563459909,0.3444542340766652,1,frame_0042.tif,0,l,C:\Users\raglo\OneDrive - University of Arizona\Printz Lab\Data\Capillary_Bridges\My_better_CLB_videos\5-9\s1_tifs,C:\Users\raglo\OneDrive - University of Arizona\Printz Lab\Data\Capillary_Bridges\masks_json
79000.5,1172.3990556001663,1.7757847533632287,0.8946018480771843,0.9835842079707168,0.8178414787029258,0.3329616163657878,1,frame_0042.tif,3,r,C:\Users\raglo\OneDrive - University of Arizona\Printz Lab\Data\Capillary_Bridges\My_better_CLB_videos\5-9\s1_tifs,C:\Users\raglo\OneDrive - University of Arizona\Printz Lab\Data\Capillary_Bridges\masks_json
37679.5,755.2030996084213,0.9181818181818182,0.8478735373537354,0.9939853590978038,0.0877879249148608,0.3412011430775434,1,frame_0043.tif,0,l,C:\Users\raglo\OneDrive - University of Arizona\Printz Lab\Data\Capillary_Bridges\My_better_CLB_videos\5-9\s1_tifs,C:\Users\raglo\OneDrive - University of Arizona\Printz Lab\Data\Capillary_Bridges\masks_json
82142.0,1191.1269775629044,1.7510917030567683,0.8945104487689074,0.9871175523349436,0.8166708921547732,0.3301730921169319,1,frame_0043.tif,3,r,C:\Users\raglo\OneDrive - University of Arizona\Printz Lab\Data\Capillary_Bridges\My_better_CLB_videos\5-9\s1_tifs,C:\Users\raglo\OneDrive - University of Arizona\Printz Lab\Data\Capillary_Bridges\masks_json
39082.0,766.617311835289,0.9151785714285714,0.851088850174216,0.9955802371642192,0.0892862272642263,0.3378237054318608,1,frame_0044.tif,0,l,C:\Users\raglo\OneDrive - University of Arizona\Printz Lab\Data\Capillary_Bridges\My_better_CLB_videos\5-9\s1_tifs,C:\Users\raglo\OneDrive - University of Arizona\Printz Lab\Data\Capillary_Bridges\masks_json
86393.5,1231.4528789520264,1.6804979253112031,0.8851339583013166,0.9860020543254964,0.8164487346296158,0.3245782934860525,1,frame_0044.tif,3,r,C:\Users\raglo\OneDrive - University of Arizona\Printz Lab\Data\Capillary_Bridges\My_better_CLB_videos\5-9\s1_tifs,C:\Users\raglo\OneDrive - University of Arizona\Printz Lab\Data\Capillary_Bridges\masks_json
40740.0,785.1025923490524,0.9047619047619048,0.8438451500652457,0.9946774744860588,0.0906950226201338,0.3334272181670721,1,frame_0045.tif,1,l,C:\Users\raglo\OneDrive - University of Arizona\Printz Lab\Data\Capillary_Bridges\My_better_CLB_videos\5-9\s1_tifs,C:\Users\raglo\OneDrive - University of Arizona\Printz Lab\Data\Capillary_Bridges\masks_json
87168.0,1237.5533834695816,1.707112970711297,0.8939207482156042,0.9869621091604912,0.8142605506817404,0.3238093653236071,1,frame_0045.tif,3,r,C:\Users\raglo\OneDrive - University of Arizona\Printz Lab\Data\Capillary_Bridges\My_better_CLB_videos\5-9\s1_tifs,C:\Users\raglo\OneDrive - University of Arizona\Printz Lab\Data\Capillary_Bridges\masks_json
42384.5,800.5168073177338,0.9063829787234042,0.8467585655778643,0.9947078150668855,0.0921827533287916,0.3306644835329341,1,frame_0046.tif,1,l,C:\Users\raglo\OneDrive - University of Arizona\Printz Lab\Data\Capillary_Bridges\My_better_CLB_videos\5-9\s1_tifs,C:\Users\raglo\OneDrive - University of Arizona\Printz Lab\Data\Capillary_Bridges\masks_json
89905.5,1253.3107430934906,1.670731707317073,0.8892202243190315,0.9857194544338216,0.8132021100363884,0.3200238132077835,1,frame_0046.tif,2,r,C:\Users\raglo\OneDrive - University of Arizona\Printz Lab\Data\Capillary_Bridges\My_better_CLB_videos\5-9\s1_tifs,C:\Users\raglo\OneDrive - University of Arizona\Printz Lab\Data\Capillary_Bridges\masks_json
43936.0,816.7594480514526,0.9079497907949792,0.8471550045311687,0.9949613324727968,0.0937801270776443,0.3268584324434113,1,frame_0047.tif,0,l,C:\Users\raglo\OneDrive - University of Arizona\Printz Lab\Data\Capillary_Bridges\My_better_CLB_videos\5-9\s1_tifs,C:\Users\raglo\OneDrive - University of Arizona\Printz Lab\Data\Capillary_Bridges\masks_json
91125.0,1248.582820057869,1.6967213114754098,0.9020848182466144,0.989284783741532,0.8107172191717215,0.317493703384499,1,frame_0047.tif,3,r,C:\Users\raglo\OneDrive - University of Arizona\Printz Lab\Data\Capillary_Bridges\My_better_CLB_videos\5-9\s1_tifs,C:\Users\raglo\OneDrive - University of Arizona\Printz Lab\Data\Capillary_Bridges\masks_json
45522.0,833.7300114631653,0.9020408163265308,0.8407424508264845,0.9947446052990986,0.0954001763909766,0.3240165856988287,1,frame_0048.tif,0,l,C:\Users\raglo\OneDrive - University of Arizona\Printz Lab\Data\Capillary_Bridges\My_better_CLB_videos\5-9\s1_tifs,C:\Users\raglo\OneDrive - University of Arizona\Printz Lab\Data\Capillary_Bridges\masks_json
92708.5,1257.6538891792295,1.688259109311741,0.9000912630219711,0.9872058353742944,0.8091112989098853,0.3135421016005567,1,frame_0048.tif,2,r,C:\Users\raglo\OneDrive - University of Arizona\Printz Lab\Data\Capillary_Bridges\My_better_CLB_videos\5-9\s1_tifs,C:\Users\raglo\OneDrive - University of Arizona\Printz Lab\Data\Capillary_Bridges\masks_json
47624.5,853.972650885582,0.900398406374502,0.8395532912597398,0.994082407948568,0.0973546881508382,0.3209671144434031,1,frame_0049.tif,1,l,C:\Users\raglo\OneDrive - University of Arizona\Printz Lab\Data\Capillary_Bridges\My_better_CLB_videos\5-9\s1_tifs,C:\Users\raglo\OneDrive - University of Arizona\Printz Lab\Data\Capillary_Bridges\masks_json
96408.5,1265.2274851799011,1.64453125,0.8945266107482185,0.9898711432825094,0.8087981376710087,0.3083770661938046,1,frame_0049.tif,3,r,C:\Users\raglo\OneDrive - University of Arizona\Printz Lab\Data\Capillary_Bridges\My_better_CLB_videos\5-9\s1_tifs,C:\Users\raglo\OneDrive - University of Arizona\Printz Lab\Data\Capillary_Bridges\masks_json
49129.5,862.3157969713211,0.905511811023622,0.8409705580280725,0.9952697364422746,0.0990443589096416,0.31707275113579,1,frame_0050.tif,1,l,C:\Users\raglo\OneDrive - University of Arizona\Printz Lab\Data\Capillary_Bridges\My_better_CLB_videos\5-9\s1_tifs,C:\Users\raglo\OneDrive - University of Arizona\Printz Lab\Data\Capillary_Bridges\masks_json
98680.0,1283.4112490415573,1.6145038167938932,0.8904047786620468,0.9892285561052384,0.8079748793875665,0.3041331426115454,1,frame_0050.tif,2,r,C:\Users\raglo\OneDrive - University of Arizona\Printz Lab\Data\Capillary_Bridges\My_better_CLB_videos\5-9\s1_tifs,C:\Users\raglo\OneDrive - University of Arizona\Printz Lab\Data\Capillary_Bridges\masks_json
51154.5,881.9726498126984,0.9034749034749034,0.844050094050094,0.9957758679423416,0.1009514547351092,0.313647898524021,1,frame_0051.tif,1,l,C:\Users\raglo\OneDrive - University of Arizona\Printz Lab\Data\Capillary_Bridges\My_better_CLB_videos\5-9\s1_tifs,C:\Users\raglo\OneDrive - University of Arizona\Printz Lab\Data\Capillary_Bridges\masks_json
101094.0,1296.7249566316605,1.585820895522388,0.8875680421422301,0.9873087647165104,0.8071802339968865,0.3000005771097295,1,frame_0051.tif,2,r,C:\Users\raglo\OneDrive - University of Arizona\Printz Lab\Data\Capillary_Bridges\My_better_CLB_videos\5-9\s1_tifs,C:\Users\raglo\OneDrive - University of Arizona\Printz Lab\Data\Capillary_Bridges\masks_json
52879.0,899.8721451759338,0.8981132075471698,0.8384176312034247,0.994040905331228,0.1025246406522677,0.3103982285939464,1,frame_0052.tif,0,l,C:\Users\raglo\OneDrive - University of Arizona\Printz Lab\Data\Capillary_Bridges\My_better_CLB_videos\5-9\s1_tifs,C:\Users\raglo\OneDrive - University of Arizona\Printz Lab\Data\Capillary_Bridges\masks_json
103686.0,1313.4112490415573,1.564102564102564,0.8894665053915639,0.9899180844360428,0.8070817145837531,0.298379705055506,1,frame_0052.tif,1,r,C:\Users\raglo\OneDrive - University of Arizona\Printz Lab\Data\Capillary_Bridges\My_better_CLB_videos\5-9\s1_tifs,C:\Users\raglo\OneDrive - University of Arizona\Printz Lab\Data\Capillary_Bridges\masks_json
55291.5,919.286358833313,0.9037037037037036,0.839275956284153,0.9947197985067914,0.1046962361791682,0.3070672912964658,1,frame_0053.tif,1,l,C:\Users\raglo\OneDrive - University of Arizona\Printz Lab\Data\Capillary_Bridges\My_better_CLB_videos\5-9\s1_tifs,C:\Users\raglo\OneDrive - University of Arizona\Printz Lab\Data\Capillary_Bridges\masks_json
57570.0,938.8427078723907,0.8989169675090253,0.8346744378234962,0.9949191206968064,0.1067756825548716,0.3033805180549089,1,frame_0054.tif,0,l,C:\Users\raglo\OneDrive - University of Arizona\Printz Lab\Data\Capillary_Bridges\My_better_CLB_videos\5-9\s1_tifs,C:\Users\raglo\OneDrive - University of Arizona\Printz Lab\Data\Capillary_Bridges\masks_json
107747.5,1332.825463294983,1.5265017667844525,0.8813268878419055,0.9882870364000752,0.8059674651954293,0.2910453040985321,1,frame_0054.tif,1,r,C:\Users\raglo\OneDrive - University of Arizona\Printz Lab\Data\Capillary_Bridges\My_better_CLB_videos\5-9\s1_tifs,C:\Users\raglo\OneDrive - University of Arizona\Printz Lab\Data\Capillary_Bridges\masks_json
59480.5,953.4284952878952,0.9071428571428573,0.836339988751406,0.995639510553891,0.1086827337713003,0.3001371897791945,1,frame_0055.tif,0,l,C:\Users\raglo\OneDrive - University of Arizona\Printz Lab\Data\Capillary_Bridges\My_better_CLB_videos\5-9\s1_tifs,C:\Users\raglo\OneDrive - University of Arizona\Printz Lab\Data\Capillary_Bridges\masks_json
107638.0,1330.8670926094055,1.528169014084507,0.8732881157915233,0.9844158694737613,0.8029812693704909,0.2890664227890119,1,frame_0055.tif,1,r,C:\Users\raglo\OneDrive - University of Arizona\Printz Lab\Data\Capillary_Bridges\My_better_CLB_videos\5-9\s1_tifs,C:\Users\raglo\OneDrive - University of Arizona\Printz Lab\Data\Capillary_Bridges\masks_json
62006.5,974.2569209337234,0.912280701754386,0.8367948717948718,0.995384788262112,0.1113928768183674,0.2963839900938839,1,frame_0056.tif,0,l,C:\Users\raglo\OneDrive - University of Arizona\Printz Lab\Data\Capillary_Bridges\My_better_CLB_videos\5-9\s1_tifs,C:\Users\raglo\OneDrive - University of Arizona\Printz Lab\Data\Capillary_Bridges\masks_json
64351.0,992.9848430156708,0.913793103448276,0.8373584905660377,0.995729339130704,0.1138707739805956,0.2925420569400509,1,frame_0057.tif,0,l,C:\Users\raglo\OneDrive - University of Arizona\Printz Lab\Data\Capillary_Bridges\My_better_CLB_videos\5-9\s1_tifs,C:\Users\raglo\OneDrive - University of Arizona\Printz Lab\Data\Capillary_Bridges\masks_json
110947.0,1347.1513631343842,1.4813559322033898,0.8606213396424001,0.9883083391606056,0.8010903979139401,0.2781189955418504,1,frame_0057.tif,1,r,C:\Users\raglo\OneDrive - University of Arizona\Printz Lab\Data\Capillary_Bridges\My_better_CLB_videos\5-9\s1_tifs,C:\Users\raglo\OneDrive - University of Arizona\Printz Lab\Data\Capillary_Bridges\masks_json
66778.5,1025.9970341920853,0.9217687074829932,0.8381466977935086,0.9934467933173656,0.116554941127701,0.2895180564024012,1,frame_0058.tif,0,l,C:\Users\raglo\OneDrive - University of Arizona\Printz Lab\Data\Capillary_Bridges\My_better_CLB_videos\5-9\s1_tifs,C:\Users\raglo\OneDrive - University of Arizona\Printz Lab\Data\Capillary_Bridges\masks_json
116841.0,1380.1808006763458,1.439344262295082,0.8726315396392695,0.9905725161716956,0.8043606241806907,0.2769455581376213,1,frame_0058.tif,1,r,C:\Users\raglo\OneDrive - University of Arizona\Printz Lab\Data\Capillary_Bridges\My_better_CLB_videos\5-9\s1_tifs,C:\Users\raglo\OneDrive - University of Arizona\Printz Lab\Data\Capillary_Bridges\masks_json
115756.0,1364.1808006763458,1.448844884488449,0.8702346316636219,0.991265328492156,0.8025905303913123,0.2737847699569242,1,frame_0059.tif,0,r,C:\Users\raglo\OneDrive - University of Arizona\Printz Lab\Data\Capillary_Bridges\My_better_CLB_videos\5-9\s1_tifs,C:\Users\raglo\OneDrive - University of Arizona\Printz Lab\Data\Capillary_Bridges\masks_json
69295.5,1030.8843383789062,0.9297658862876256,0.8336601621712664,0.99541047188106,0.1189305227578941,0.2856005083587751,1,frame_0059.tif,1,l,C:\Users\raglo\OneDrive - University of Arizona\Printz Lab\Data\Capillary_Bridges\My_better_CLB_videos\5-9\s1_tifs,C:\Users\raglo\OneDrive - University of Arizona\Printz Lab\Data\Capillary_Bridges\masks_json
72818.5,1055.369619846344,0.9315960912052116,0.8293489897724425,0.9949037798104972,0.1221219910028512,0.2827597986384906,1,frame_0060.tif,0,l,C:\Users\raglo\OneDrive - University of Arizona\Printz Lab\Data\Capillary_Bridges\My_better_CLB_videos\5-9\s1_tifs,C:\Users\raglo\OneDrive - University of Arizona\Printz Lab\Data\Capillary_Bridges\masks_json
118110.5,1375.394004702568,1.4332247557003257,0.8743744447734676,0.9925085292684156,0.8033296503787656,0.2726852112300441,1,frame_0060.tif,2,r,C:\Users\raglo\OneDrive - University of Arizona\Printz Lab\Data\Capillary_Bridges\My_better_CLB_videos\5-9\s1_tifs,C:\Users\raglo\OneDrive - University of Arizona\Printz Lab\Data\Capillary_Bridges\masks_json
75407.0,1076.4406858682632,0.9451612903225808,0.8301992733678301,0.995143516991092,0.1250664946178474,0.2795293394291536,1,frame_0061.tif,0,l,C:\Users\raglo\OneDrive - University of Arizona\Printz Lab\Data\Capillary_Bridges\My_better_CLB_videos\5-9\s1_tifs,C:\Users\raglo\OneDrive - University of Arizona\Printz Lab\Data\Capillary_Bridges\masks_json
118720.0,1373.636644601822,1.4057507987220448,0.8620389195469068,0.9918750130542848,0.8022604579714744,0.2679220772691853,1,frame_0061.tif,1,r,C:\Users\raglo\OneDrive - University of Arizona\Printz Lab\Data\Capillary_Bridges\My_better_CLB_videos\5-9\s1_tifs,C:\Users\raglo\OneDrive - University of Arizona\Printz Lab\Data\Capillary_Bridges\masks_json
78629.5,1100.6833281517029,0.9585987261146496,0.8319349514357661,0.9950456207843484,0.1286638278278341,0.2762693692896769,1,frame_0062.tif,0,l,C:\Users\raglo\OneDrive - University of Arizona\Printz Lab\Data\Capillary_Bridges\My_better_CLB_videos\5-9\s1_tifs,C:\Users\raglo\OneDrive - University of Arizona\Printz Lab\Data\Capillary_Bridges\masks_json
122376.0,1394.1219271421432,1.3738317757009346,0.8644753851696442,0.9943649726374122,0.8045501458421399,0.2647578107640864,1,frame_0062.tif,2,r,C:\Users\raglo\OneDrive - University of Arizona\Printz Lab\Data\Capillary_Bridges\My_better_CLB_videos\5-9\s1_tifs,C:\Users\raglo\OneDrive - University of Arizona\Printz Lab\Data\Capillary_Bridges\masks_json
82298.0,1126.925968170166,0.9657320872274144,0.8270324590493418,0.994189347539835,0.1321701059754389,0.2720059088237898,1,frame_0063.tif,0,l,C:\Users\raglo\OneDrive - University of Arizona\Printz Lab\Data\Capillary_Bridges\My_better_CLB_videos\5-9\s1_tifs,C:\Users\raglo\OneDrive - University of Arizona\Printz Lab\Data\Capillary_Bridges\masks_json
121864.5,1382.222431182861,1.3738317757009346,0.8608621018500858,0.9937941129699775,0.8032592241301899,0.2613578235290916,1,frame_0063.tif,2,r,C:\Users\raglo\OneDrive - University of Arizona\Printz Lab\Data\Capillary_Bridges\My_better_CLB_videos\5-9\s1_tifs,C:\Users\raglo\OneDrive - University of Arizona\Printz Lab\Data\Capillary_Bridges\masks_json
85654.5,1149.653890490532,0.9815384615384616,0.8261827827345068,0.9948431157337236,0.135860728000261,0.268265552719115,1,frame_0064.tif,0,l,C:\Users\raglo\OneDrive - University of Arizona\Printz Lab\Data\Capillary_Bridges\My_better_CLB_videos\5-9\s1_tifs,C:\Users\raglo\OneDrive - University of Arizona\Printz Lab\Data\Capillary_Bridges\masks_json
122321.5,1386.3645668029783,1.3611111111111112,0.8560895551636293,0.9935669118333896,0.8038008776712009,0.2589503910644816,1,frame_0064.tif,2,r,C:\Users\raglo\OneDrive - University of Arizona\Printz Lab\Data\Capillary_Bridges\My_better_CLB_videos\5-9\s1_tifs,C:\Users\raglo\OneDrive - University of Arizona\Printz Lab\Data\Capillary_Bridges\masks_json
90187.5,1179.653890967369,1.0152439024390243,0.8257113821138211,0.9957382678156416,0.1412907196682667,0.265385665579167,1,frame_0065.tif,0,l,C:\Users\raglo\OneDrive - University of Arizona\Printz Lab\Data\Capillary_Bridges\My_better_CLB_videos\5-9\s1_tifs,C:\Users\raglo\OneDrive - University of Arizona\Printz Lab\Data\Capillary_Bridges\masks_json
124100.0,1395.4356341362,1.3363636363636364,0.8527451384594241,0.9931694590387624,0.8057547924583324,0.2550642177808776,1,frame_0065.tif,2,r,C:\Users\raglo\OneDrive - University of Arizona\Printz Lab\Data\Capillary_Bridges\My_better_CLB_videos\5-9\s1_tifs,C:\Users\raglo\OneDrive - University of Arizona\Printz Lab\Data\Capillary_Bridges\masks_json
94845.0,1212.3818103075027,1.0421686746987953,0.8256581238247789,0.9961192885537392,0.1469322834774633,0.262103857442348,1,frame_0066.tif,0,l,C:\Users\raglo\OneDrive - University of Arizona\Printz Lab\Data\Capillary_Bridges\My_better_CLB_videos\5-9\s1_tifs,C:\Users\raglo\OneDrive - University of Arizona\Printz Lab\Data\Capillary_Bridges\masks_json
125269.5,1402.9919826984406,1.297935103244838,0.8398330651649236,0.9946128560993426,0.8072136500460654,0.2498858743421122,1,frame_0066.tif,2,r,C:\Users\raglo\OneDrive - University of Arizona\Printz Lab\Data\Capillary_Bridges\My_better_CLB_videos\5-9\s1_tifs,C:\Users\raglo\OneDrive - University of Arizona\Printz Lab\Data\Capillary_Bridges\masks_json
101527.5,1259.109733223915,1.0735294117647058,0.8181103948428686,0.9957679067075982,0.1545418190337792,0.257401760296691,1,frame_0067.tif,1,l,C:\Users\raglo\OneDrive - University of Arizona\Printz Lab\Data\Capillary_Bridges\My_better_CLB_videos\5-9\s1_tifs,C:\Users\raglo\OneDrive - University of Arizona\Printz Lab\Data\Capillary_Bridges\masks_json
124545.0,1395.092486858368,1.2911764705882354,0.8344164545089107,0.9937167135419784,0.8089055875217684,0.2484147061721294,1,frame_0067.tif,2,r,C:\Users\raglo\OneDrive - University of Arizona\Printz Lab\Data\Capillary_Bridges\My_better_CLB_videos\5-9\s1_tifs,C:\Users\raglo\OneDrive - University of Arizona\Printz Lab\Data\Capillary_Bridges\masks_json
125557.0,1424.4650715589523,1.2607449856733524,0.8176413128418859,0.9937591762270916,0.8129898635766692,0.2445592856407127,1,frame_0068.tif,0,l,C:\Users\raglo\OneDrive - University of Arizona\Printz Lab\Data\Capillary_Bridges\My_better_CLB_videos\5-9\s1_tifs,C:\Users\raglo\OneDrive - University of Arizona\Printz Lab\Data\Capillary_Bridges\masks_json
107349.0,1301.3523734807968,1.119533527696793,0.8150282434402333,0.9959595303591888,0.161818810881135,0.2540765320932071,1,frame_0068.tif,2,r,C:\Users\raglo\OneDrive - University of Arizona\Printz Lab\Data\Capillary_Bridges\My_better_CLB_videos\5-9\s1_tifs,C:\Users\raglo\OneDrive - University of Arizona\Printz Lab\Data\Capillary_Bridges\masks_json
12030.0,437.3380937576294,1.4536082474226804,0.879578855012064,0.9913881906959496,0.9364624622017,0.5718770840143838,1,frame_0000.tif,1,r,C:\Users\raglo\OneDrive - University of Arizona\Printz Lab\Data\Capillary_Bridges\My_better_CLB_videos\5-9\s2b_tifs,C:\Users\raglo\OneDrive - University of Arizona\Printz Lab\Data\Capillary_Bridges\masks_json_2b
9658.0,392.9949481487274,1.0277777777777777,0.805638972305639,0.9825025432349948,0.0478831189348135,0.5758328083189378,1,frame_0000.tif,3,l,C:\Users\raglo\OneDrive - University of Arizona\Printz Lab\Data\Capillary_Bridges\My_better_CLB_videos\5-9\s2b_tifs,C:\Users\raglo\OneDrive - University of Arizona\Printz Lab\Data\Capillary_Bridges\masks_json_2b
12033.0,436.5096664428711,1.4536082474226804,0.8797982013599474,0.9905741922206216,0.9363022567458534,0.5717061851458453,1,frame_0001.tif,0,r,C:\Users\raglo\OneDrive - University of Arizona\Printz Lab\Data\Capillary_Bridges\My_better_CLB_videos\5-9\s2b_tifs,C:\Users\raglo\OneDrive - University of Arizona\Printz Lab\Data\Capillary_Bridges\masks_json_2b
9633.5,390.409161567688,1.0666666666666669,0.8191751700680272,0.9844668131418935,0.048259300974274,0.5765539820003396,1,frame_0001.tif,1,l,C:\Users\raglo\OneDrive - University of Arizona\Printz Lab\Data\Capillary_Bridges\My_better_CLB_videos\5-9\s2b_tifs,C:\Users\raglo\OneDrive - University of Arizona\Printz Lab\Data\Capillary_Bridges\masks_json_2b
11991.5,436.7523077726364,1.46875,0.8858968676122931,0.9923041913194588,0.936300854590268,0.5719855702221858,1,frame_0002.tif,1,r,C:\Users\raglo\OneDrive - University of Arizona\Printz Lab\Data\Capillary_Bridges\My_better_CLB_videos\5-9\s2b_tifs,C:\Users\raglo\OneDrive - University of Arizona\Printz Lab\Data\Capillary_Bridges\masks_json_2b
9727.0,395.8233743906021,1.0275229357798166,0.7967726081258192,0.9827734276332408,0.0480578910112501,0.5754178858507383,1,frame_0002.tif,3,l,C:\Users\raglo\OneDrive - University of Arizona\Printz Lab\Data\Capillary_Bridges\My_better_CLB_videos\5-9\s2b_tifs,C:\Users\raglo\OneDrive - University of Arizona\Printz Lab\Data\Capillary_Bridges\masks_json_2b
12071.5,437.92387986183167,1.4387755102040816,0.8736068895643364,0.9886568386568386,0.936200673969702,0.5718846717706467,1,frame_0003.tif,1,r,C:\Users\raglo\OneDrive - University of Arizona\Printz Lab\Data\Capillary_Bridges\My_better_CLB_videos\5-9\s2b_tifs,C:\Users\raglo\OneDrive - University of Arizona\Printz Lab\Data\Capillary_Bridges\masks_json_2b
9695.5,392.4091610908508,1.0467289719626167,0.809037049399199,0.98301733752408,0.0481407349349564,0.5756880610110009,1,frame_0003.tif,3,l,C:\Users\raglo\OneDrive - University of Arizona\Printz Lab\Data\Capillary_Bridges\My_better_CLB_videos\5-9\s2b_tifs,C:\Users\raglo\OneDrive - University of Arizona\Printz Lab\Data\Capillary_Bridges\masks_json_2b
12216.0,439.33809435367584,1.4639175257731958,0.8868883403513866,0.994140625,0.9359526558600982,0.5713173951541496,1,frame_0004.tif,2,r,C:\Users\raglo\OneDrive - University of Arizona\Printz Lab\Data\Capillary_Bridges\My_better_CLB_videos\5-9\s2b_tifs,C:\Users\raglo\OneDrive - University of Arizona\Printz Lab\Data\Capillary_Bridges\masks_json_2b
9718.0,395.82337486743927,1.0275229357798166,0.7960353866317169,0.9823603740207228,0.0479191190857907,0.5751741735676295,1,frame_0004.tif,4,l,C:\Users\raglo\OneDrive - University of Arizona\Printz Lab\Data\Capillary_Bridges\My_better_CLB_videos\5-9\s2b_tifs,C:\Users\raglo\OneDrive - University of Arizona\Printz Lab\Data\Capillary_Bridges\masks_json_2b
16522.5,528.4091610908508,1.7475728155339805,0.8911812297734628,0.9878333134042808,0.9176009597828356,0.5683395933941454,1,frame_0005.tif,2,r,C:\Users\raglo\OneDrive - University of Arizona\Printz Lab\Data\Capillary_Bridges\My_better_CLB_videos\5-9\s2b_tifs,C:\Users\raglo\OneDrive - University of Arizona\Printz Lab\Data\Capillary_Bridges\masks_json_2b
10507.5,410.8944430351257,0.9827586206896552,0.7945780399274047,0.9828360303058647,0.0486461035357076,0.5704693712220353,1,frame_0005.tif,4,l,C:\Users\raglo\OneDrive - University of Arizona\Printz Lab\Data\Capillary_Bridges\My_better_CLB_videos\5-9\s2b_tifs,C:\Users\raglo\OneDrive - University of Arizona\Printz Lab\Data\Capillary_Bridges\masks_json_2b
11317.0,422.3086562156677,0.9915254237288136,0.8197160654787773,0.9861449982572325,0.0503203240358724,0.566860187034946,1,frame_0006.tif,1,l,C:\Users\raglo\OneDrive - University of Arizona\Printz Lab\Data\Capillary_Bridges\My_better_CLB_videos\5-9\s2b_tifs,C:\Users\raglo\OneDrive - University of Arizona\Printz Lab\Data\Capillary_Bridges\masks_json_2b
20911.0,601.4802287817001,1.9009009009009008,0.8928312198454379,0.9893078487959502,0.903434798408973,0.562782909531223,1,frame_0006.tif,2,r,C:\Users\raglo\OneDrive - University of Arizona\Printz Lab\Data\Capillary_Bridges\My_better_CLB_videos\5-9\s2b_tifs,C:\Users\raglo\OneDrive - University of Arizona\Printz Lab\Data\Capillary_Bridges\masks_json_2b
21297.0,612.5929266214371,1.8672566371681416,0.8932181353017657,0.9877556699596494,0.9035060208015002,0.5615921347100677,1,frame_0006.tif,4,r,C:\Users\raglo\OneDrive - University of Arizona\Printz Lab\Data\Capillary_Bridges\My_better_CLB_videos\5-9\s2b_tifs,C:\Users\raglo\OneDrive - University of Arizona\Printz Lab\Data\Capillary_Bridges\masks_json_2b
25491.0,665.279217839241,1.9915966386554624,0.903840017019466,0.9921379364029111,0.8913802597990778,0.5564286341677646,1,frame_0007.tif,2,r,C:\Users\raglo\OneDrive - University of Arizona\Printz Lab\Data\Capillary_Bridges\My_better_CLB_videos\5-9\s2b_tifs,C:\Users\raglo\OneDrive - University of Arizona\Printz Lab\Data\Capillary_Bridges\masks_json_2b
12449.0,445.13708317279816,0.9224806201550388,0.8109569409159012,0.9862937727776896,0.0509090303018331,0.5612721238938053,1,frame_0007.tif,3,l,C:\Users\raglo\OneDrive - University of Arizona\Printz Lab\Data\Capillary_Bridges\My_better_CLB_videos\5-9\s2b_tifs,C:\Users\raglo\OneDrive - University of Arizona\Printz Lab\Data\Capillary_Bridges\masks_json_2b
29732.0,726.1076456308365,2.0234375,0.896838803088803,0.9902249754375448,0.8814452410687569,0.5518996353803016,1,frame_0008.tif,2,r,C:\Users\raglo\OneDrive - University of Arizona\Printz Lab\Data\Capillary_Bridges\My_better_CLB_videos\5-9\s2b_tifs,C:\Users\raglo\OneDrive - University of Arizona\Printz Lab\Data\Capillary_Bridges\masks_json_2b
13673.5,467.03657710552216,0.8913043478260869,0.8055555555555556,0.9864372542654114,0.0525335785637149,0.5553083753299736,1,frame_0008.tif,3,l,C:\Users\raglo\OneDrive - University of Arizona\Printz Lab\Data\Capillary_Bridges\My_better_CLB_videos\5-9\s2b_tifs,C:\Users\raglo\OneDrive - University of Arizona\Printz Lab\Data\Capillary_Bridges\masks_json_2b
34120.5,783.1787133216858,2.044117647058824,0.9024677316969952,0.9882409163975496,0.8722112208455339,0.546665816252573,1,frame_0009.tif,3,r,C:\Users\raglo\OneDrive - University of Arizona\Printz Lab\Data\Capillary_Bridges\My_better_CLB_videos\5-9\s2b_tifs,C:\Users\raglo\OneDrive - University of Arizona\Printz Lab\Data\Capillary_Bridges\masks_json_2b
15872.0,500.93607234954834,0.8666666666666667,0.8139487179487179,0.9866965062787516,0.0555868665199639,0.5453460009935419,1,frame_0010.tif,2,l,C:\Users\raglo\OneDrive - University of Arizona\Printz Lab\Data\Capillary_Bridges\My_better_CLB_videos\5-9\s2b_tifs,C:\Users\raglo\OneDrive - University of Arizona\Printz Lab\Data\Capillary_Bridges\masks_json_2b
37835.5,825.8061299324036,2.099290780141844,0.9065435115967032,0.9858771415542962,0.8632161305050882,0.5414005825005668,1,frame_0010.tif,3,r,C:\Users\raglo\OneDrive - University of Arizona\Printz Lab\Data\Capillary_Bridges\My_better_CLB_videos\5-9\s2b_tifs,C:\Users\raglo\OneDrive - University of Arizona\Printz Lab\Data\Capillary_Bridges\masks_json_2b
16753.0,506.93607199192047,0.9054054054054054,0.8447458652682533,0.9933001304399384,0.0579437622328996,0.5417042618318814,1,frame_0011.tif,2,l,C:\Users\raglo\OneDrive - University of Arizona\Printz Lab\Data\Capillary_Bridges\My_better_CLB_videos\5-9\s2b_tifs,C:\Users\raglo\OneDrive - University of Arizona\Printz Lab\Data\Capillary_Bridges\masks_json_2b
42955.5,874.6345565319061,2.072847682119205,0.9088610541015172,0.9882097174933284,0.8560646400161402,0.5353888863269541,1,frame_0011.tif,3,r,C:\Users\raglo\OneDrive - University of Arizona\Printz Lab\Data\Capillary_Bridges\My_better_CLB_videos\5-9\s2b_tifs,C:\Users\raglo\OneDrive - University of Arizona\Printz Lab\Data\Capillary_Bridges\masks_json_2b
47894.5,918.7766919136049,2.0123456790123457,0.9068866924183896,0.9878617247282552,0.8503299002669205,0.5284668004717664,1,frame_0012.tif,2,r,C:\Users\raglo\OneDrive - University of Arizona\Printz Lab\Data\Capillary_Bridges\My_better_CLB_videos\5-9\s2b_tifs,C:\Users\raglo\OneDrive - University of Arizona\Printz Lab\Data\Capillary_Bridges\masks_json_2b
18650.0,541.0782068967819,0.8303030303030303,0.825038708250387,0.9919948937528256,0.0587034970238095,0.533956402116402,1,frame_0012.tif,3,l,C:\Users\raglo\OneDrive - University of Arizona\Printz Lab\Data\Capillary_Bridges\My_better_CLB_videos\5-9\s2b_tifs,C:\Users\raglo\OneDrive - University of Arizona\Printz Lab\Data\Capillary_Bridges\masks_json_2b
48123.5,924.5756814479828,1.9878048780487805,0.9001103546311536,0.98529938679197,0.8504640781211429,0.5276926684769193,1,frame_0012.tif,5,r,C:\Users\raglo\OneDrive - University of Arizona\Printz Lab\Data\Capillary_Bridges\My_better_CLB_videos\5-9\s2b_tifs,C:\Users\raglo\OneDrive - University of Arizona\Printz Lab\Data\Capillary_Bridges\masks_json_2b
20032.5,562.1492762565613,0.8208092485549133,0.8154563217455019,0.9909475402537656,0.0605416293212842,0.5294121821407451,1,frame_0013.tif,0,l,C:\Users\raglo\OneDrive - University of Arizona\Printz Lab\Data\Capillary_Bridges\My_better_CLB_videos\5-9\s2b_tifs,C:\Users\raglo\OneDrive - University of Arizona\Printz Lab\Data\Capillary_Bridges\masks_json_2b
51341.5,954.0904004573822,2.005952380952381,0.9068372898120672,0.9872321196796492,0.8449217920359322,0.5249253423952219,1,frame_0013.tif,1,r,C:\Users\raglo\OneDrive - University of Arizona\Printz Lab\Data\Capillary_Bridges\My_better_CLB_videos\5-9\s2b_tifs,C:\Users\raglo\OneDrive - University of Arizona\Printz Lab\Data\Capillary_Bridges\masks_json_2b
55655.0,985.0193331241608,2.011494252873564,0.9138752052545156,0.9916700075727204,0.8389695384608531,0.5196318259030921,1,frame_0014.tif,0,r,C:\Users\raglo\OneDrive - University of Arizona\Printz Lab\Data\Capillary_Bridges\My_better_CLB_videos\5-9\s2b_tifs,C:\Users\raglo\OneDrive - University of Arizona\Printz Lab\Data\Capillary_Bridges\masks_json_2b
21381.5,578.9777021408081,0.8202247191011236,0.8227451131291366,0.9911461351257388,0.0625703247696198,0.5252686652193327,1,frame_0014.tif,2,l,C:\Users\raglo\OneDrive - University of Arizona\Printz Lab\Data\Capillary_Bridges\My_better_CLB_videos\5-9\s2b_tifs,C:\Users\raglo\OneDrive - University of Arizona\Printz Lab\Data\Capillary_Bridges\masks_json_2b
59848.5,1025.060962557793,1.983516483516484,0.9109083437338285,0.9899841201574752,0.8342396033614002,0.5147114853366925,1,frame_0015.tif,1,r,C:\Users\raglo\OneDrive - University of Arizona\Printz Lab\Data\Capillary_Bridges\My_better_CLB_videos\5-9\s2b_tifs,C:\Users\raglo\OneDrive - University of Arizona\Printz Lab\Data\Capillary_Bridges\masks_json_2b
23047.5,600.2914118766785,0.8162162162162162,0.8250402720601396,0.9926351831513665,0.0643262187687575,0.5194710455610816,1,frame_0015.tif,2,l,C:\Users\raglo\OneDrive - University of Arizona\Printz Lab\Data\Capillary_Bridges\My_better_CLB_videos\5-9\s2b_tifs,C:\Users\raglo\OneDrive - University of Arizona\Printz Lab\Data\Capillary_Bridges\masks_json_2b
64153.5,1067.0020880699158,1.921875,0.9055089769647696,0.986665743880776,0.8296858415067746,0.5089341561876479,1,frame_0016.tif,0,r,C:\Users\raglo\OneDrive - University of Arizona\Printz Lab\Data\Capillary_Bridges\My_better_CLB_videos\5-9\s2b_tifs,C:\Users\raglo\OneDrive - University of Arizona\Printz Lab\Data\Capillary_Bridges\masks_json_2b
24553.5,615.4629844427109,0.8297872340425532,0.8372033551554828,0.9938877532433362,0.0667312859202633,0.5150206940977534,1,frame_0016.tif,2,l,C:\Users\raglo\OneDrive - University of Arizona\Printz Lab\Data\Capillary_Bridges\My_better_CLB_videos\5-9\s2b_tifs,C:\Users\raglo\OneDrive - University of Arizona\Printz Lab\Data\Capillary_Bridges\masks_json_2b
67576.0,1114.3574267625809,1.89,0.8938624338624339,0.9828164200269062,0.8256787463607292,0.5039810849707758,1,frame_0017.tif,1,r,C:\Users\raglo\OneDrive - University of Arizona\Printz Lab\Data\Capillary_Bridges\My_better_CLB_videos\5-9\s2b_tifs,C:\Users\raglo\OneDrive - University of Arizona\Printz Lab\Data\Capillary_Bridges\masks_json_2b
26662.5,647.2619751691818,0.7843137254901961,0.8168658088235294,0.9932202127065134,0.0680685796086795,0.5080506429277942,1,frame_0017.tif,2,l,C:\Users\raglo\OneDrive - University of Arizona\Printz Lab\Data\Capillary_Bridges\My_better_CLB_videos\5-9\s2b_tifs,C:\Users\raglo\OneDrive - University of Arizona\Printz Lab\Data\Capillary_Bridges\masks_json_2b
72138.0,1158.097539782524,1.8428571428571427,0.8876338132152085,0.9779500979468444,0.8214051695593092,0.4992740883445714,1,frame_0018.tif,0,r,C:\Users\raglo\OneDrive - University of Arizona\Printz Lab\Data\Capillary_Bridges\My_better_CLB_videos\5-9\s2b_tifs,C:\Users\raglo\OneDrive - University of Arizona\Printz Lab\Data\Capillary_Bridges\masks_json_2b
28423.0,678.8183221817017,0.772093023255814,0.7963855421686747,0.988402622015892,0.0701327464306222,0.5036667362706202,1,frame_0018.tif,2,l,C:\Users\raglo\OneDrive - University of Arizona\Printz Lab\Data\Capillary_Bridges\My_better_CLB_videos\5-9\s2b_tifs,C:\Users\raglo\OneDrive - University of Arizona\Printz Lab\Data\Capillary_Bridges\masks_json_2b
30106.0,694.4751768112183,0.7798165137614679,0.812358337830545,0.9911766642523212,0.0723676016980837,0.498440880007012,1,frame_0019.tif,0,l,C:\Users\raglo\OneDrive - University of Arizona\Printz Lab\Data\Capillary_Bridges\My_better_CLB_videos\5-9\s2b_tifs,C:\Users\raglo\OneDrive - University of Arizona\Printz Lab\Data\Capillary_Bridges\masks_json_2b
80146.5,1227.854898571968,1.7106382978723405,0.8483804382343602,0.9677600478165584,0.8157153093710113,0.4901417896576081,1,frame_0020.tif,0,r,C:\Users\raglo\OneDrive - University of Arizona\Printz Lab\Data\Capillary_Bridges\My_better_CLB_videos\5-9\s2b_tifs,C:\Users\raglo\OneDrive - University of Arizona\Printz Lab\Data\Capillary_Bridges\masks_json_2b
32244.0,716.4751756191254,0.7787610619469026,0.8106395816572808,0.9929174108517584,0.0743745898635372,0.4938014510995814,1,frame_0020.tif,1,l,C:\Users\raglo\OneDrive - University of Arizona\Printz Lab\Data\Capillary_Bridges\My_better_CLB_videos\5-9\s2b_tifs,C:\Users\raglo\OneDrive - University of Arizona\Printz Lab\Data\Capillary_Bridges\masks_json_2b
33912.0,721.9898954629898,0.8116591928251121,0.8401754081708496,0.9958301521113524,0.0773487974978099,0.4899216041271231,1,frame_0021.tif,0,l,C:\Users\raglo\OneDrive - University of Arizona\Printz Lab\Data\Capillary_Bridges\My_better_CLB_videos\5-9\s2b_tifs,C:\Users\raglo\OneDrive - University of Arizona\Printz Lab\Data\Capillary_Bridges\masks_json_2b
81069.5,1261.7371495962143,1.7860262008733625,0.8655630411804273,0.9673414353301952,0.8095044300560972,0.4895347116750771,1,frame_0021.tif,1,r,C:\Users\raglo\OneDrive - University of Arizona\Printz Lab\Data\Capillary_Bridges\My_better_CLB_videos\5-9\s2b_tifs,C:\Users\raglo\OneDrive - University of Arizona\Printz Lab\Data\Capillary_Bridges\masks_json_2b
88956.5,1319.653888463974,1.689795918367347,0.8770235630484078,0.9824236868843044,0.8114691913027992,0.4776392148098484,1,frame_0022.tif,0,r,C:\Users\raglo\OneDrive - University of Arizona\Printz Lab\Data\Capillary_Bridges\My_better_CLB_videos\5-9\s2b_tifs,C:\Users\raglo\OneDrive - University of Arizona\Printz Lab\Data\Capillary_Bridges\masks_json_2b
36133.0,747.7888849973679,0.8025751072961373,0.8292901241651557,0.9952486537852392,0.0794636905945005,0.4844670468253098,1,frame_0022.tif,1,l,C:\Users\raglo\OneDrive - University of Arizona\Printz Lab\Data\Capillary_Bridges\My_better_CLB_videos\5-9\s2b_tifs,C:\Users\raglo\OneDrive - University of Arizona\Printz Lab\Data\Capillary_Bridges\masks_json_2b
93146.5,1283.712764620781,1.686746987951807,0.8906722126601645,0.98835469632019,0.8089197749239067,0.4722515725957174,1,frame_0023.tif,0,r,C:\Users\raglo\OneDrive - University of Arizona\Printz Lab\Data\Capillary_Bridges\My_better_CLB_videos\5-9\s2b_tifs,C:\Users\raglo\OneDrive - University of Arizona\Printz Lab\Data\Capillary_Bridges\masks_json_2b
38485.0,775.9310208559036,0.7901234567901234,0.8248671124828533,0.9945343894150632,0.0816277516735324,0.4786157912804669,1,frame_0023.tif,1,l,C:\Users\raglo\OneDrive - University of Arizona\Printz Lab\Data\Capillary_Bridges\My_better_CLB_videos\5-9\s2b_tifs,C:\Users\raglo\OneDrive - University of Arizona\Printz Lab\Data\Capillary_Bridges\masks_json_2b
97402.5,1287.1686086654663,1.66015625,0.8952435661764706,0.991813169189412,0.8071679595820833,0.4662773389933127,1,frame_0024.tif,0,r,C:\Users\raglo\OneDrive - University of Arizona\Printz Lab\Data\Capillary_Bridges\My_better_CLB_videos\5-9\s2b_tifs,C:\Users\raglo\OneDrive - University of Arizona\Printz Lab\Data\Capillary_Bridges\masks_json_2b
41480.0,814.0731557607651,0.7683397683397684,0.8047961816806037,0.9939733774247272,0.0836495129041025,0.4712751919462232,1,frame_0024.tif,1,l,C:\Users\raglo\OneDrive - University of Arizona\Printz Lab\Data\Capillary_Bridges\My_better_CLB_videos\5-9\s2b_tifs,C:\Users\raglo\OneDrive - University of Arizona\Printz Lab\Data\Capillary_Bridges\masks_json_2b
100571.5,1287.2274842262268,1.6602316602316602,0.9030394181556972,0.9934999185020176,0.8044161854451682,0.4619658640095949,1,frame_0025.tif,0,r,C:\Users\raglo\OneDrive - University of Arizona\Printz Lab\Data\Capillary_Bridges\My_better_CLB_videos\5-9\s2b_tifs,C:\Users\raglo\OneDrive - University of Arizona\Printz Lab\Data\Capillary_Bridges\masks_json_2b
43714.5,831.1442233324051,0.7786259541984732,0.817888414907948,0.9951171208085776,0.0863763706513357,0.4671711948715623,1,frame_0025.tif,2,l,C:\Users\raglo\OneDrive - University of Arizona\Printz Lab\Data\Capillary_Bridges\My_better_CLB_videos\5-9\s2b_tifs,C:\Users\raglo\OneDrive - University of Arizona\Printz Lab\Data\Capillary_Bridges\masks_json_2b
104547.5,1312.1980471611023,1.6353383458646618,0.9035303776683088,0.9943646566482784,0.8027902295195389,0.4568499938182959,1,frame_0026.tif,0,r,C:\Users\raglo\OneDrive - University of Arizona\Printz Lab\Data\Capillary_Bridges\My_better_CLB_videos\5-9\s2b_tifs,C:\Users\raglo\OneDrive - University of Arizona\Printz Lab\Data\Capillary_Bridges\masks_json_2b
46392.5,856.3157957792282,0.7814814814814814,0.8143321046164648,0.994672069638301,0.0893172808458907,0.4620190231911937,1,frame_0026.tif,1,l,C:\Users\raglo\OneDrive - University of Arizona\Printz Lab\Data\Capillary_Bridges\My_better_CLB_videos\5-9\s2b_tifs,C:\Users\raglo\OneDrive - University of Arizona\Printz Lab\Data\Capillary_Bridges\masks_json_2b
109070.5,1334.8843384981155,1.579136690647482,0.8937128201766605,0.9928180994816106,0.8016596882244998,0.4509116900492087,1,frame_0027.tif,0,r,C:\Users\raglo\OneDrive - University of Arizona\Printz Lab\Data\Capillary_Bridges\My_better_CLB_videos\5-9\s2b_tifs,C:\Users\raglo\OneDrive - University of Arizona\Printz Lab\Data\Capillary_Bridges\masks_json_2b
49191.5,877.9726495742798,0.7898550724637681,0.8175691397420556,0.996061636901146,0.0921242205458321,0.4567683187482356,1,frame_0027.tif,1,l,C:\Users\raglo\OneDrive - University of Arizona\Printz Lab\Data\Capillary_Bridges\My_better_CLB_videos\5-9\s2b_tifs,C:\Users\raglo\OneDrive - University of Arizona\Printz Lab\Data\Capillary_Bridges\masks_json_2b
111877.5,1350.8843376636505,1.5454545454545454,0.885022782647217,0.9917163067758747,0.8010452050561548,0.4465484348091567,1,frame_0028.tif,0,r,C:\Users\raglo\OneDrive - University of Arizona\Printz Lab\Data\Capillary_Bridges\My_better_CLB_videos\5-9\s2b_tifs,C:\Users\raglo\OneDrive - University of Arizona\Printz Lab\Data\Capillary_Bridges\masks_json_2b
51870.5,896.4579327106476,0.8064516129032258,0.8262923138191955,0.9963504000153668,0.0953828716754174,0.4518119648310731,1,frame_0028.tif,1,l,C:\Users\raglo\OneDrive - University of Arizona\Printz Lab\Data\Capillary_Bridges\My_better_CLB_videos\5-9\s2b_tifs,C:\Users\raglo\OneDrive - University of Arizona\Printz Lab\Data\Capillary_Bridges\masks_json_2b
55115.0,927.5289987325668,0.8090277777777778,0.821337029089175,0.9964023574501936,0.0983666930646831,0.4456292161805306,1,frame_0029.tif,0,l,C:\Users\raglo\OneDrive - University of Arizona\Printz Lab\Data\Capillary_Bridges\My_better_CLB_videos\5-9\s2b_tifs,C:\Users\raglo\OneDrive - University of Arizona\Printz Lab\Data\Capillary_Bridges\masks_json_2b
117371.0,1381.896530032158,1.4735099337748343,0.8733611131780639,0.9905394457009756,0.8007370915729375,0.4376341795372507,1,frame_0029.tif,5,r,C:\Users\raglo\OneDrive - University of Arizona\Printz Lab\Data\Capillary_Bridges\My_better_CLB_videos\5-9\s2b_tifs,C:\Users\raglo\OneDrive - University of Arizona\Printz Lab\Data\Capillary_Bridges\masks_json_2b
56450.5,946.2569216489792,0.7972972972972973,0.8080980874942739,0.9948539454553466,0.0992268395214739,0.4441019871197604,1,frame_0030.tif,0,l,C:\Users\raglo\OneDrive - University of Arizona\Printz Lab\Data\Capillary_Bridges\My_better_CLB_videos\5-9\s2b_tifs,C:\Users\raglo\OneDrive - University of Arizona\Printz Lab\Data\Capillary_Bridges\masks_json_2b
116700.0,1376.0975408554075,1.5084745762711864,0.8889735288516473,0.9947322661484173,0.8003749229610354,0.4383393823187016,1,frame_0030.tif,1,r,C:\Users\raglo\OneDrive - University of Arizona\Printz Lab\Data\Capillary_Bridges\My_better_CLB_videos\5-9\s2b_tifs,C:\Users\raglo\OneDrive - University of Arizona\Printz Lab\Data\Capillary_Bridges\masks_json_2b
114583.0,1374.7249591350555,1.5171232876712328,0.8857957883669872,0.9912067093715804,0.8010632469673168,0.441893729883509,1,frame_0031.tif,0,r,C:\Users\raglo\OneDrive - University of Arizona\Printz Lab\Data\Capillary_Bridges\My_better_CLB_videos\5-9\s2b_tifs,C:\Users\raglo\OneDrive - University of Arizona\Printz Lab\Data\Capillary_Bridges\masks_json_2b
54529.0,922.357427597046,0.8175438596491228,0.821158045327912,0.9959725659595065,0.0985609800378974,0.4470446033739149,1,frame_0031.tif,1,l,C:\Users\raglo\OneDrive - University of Arizona\Printz Lab\Data\Capillary_Bridges\My_better_CLB_videos\5-9\s2b_tifs,C:\Users\raglo\OneDrive - University of Arizona\Printz Lab\Data\Capillary_Bridges\masks_json_2b
110201.5,1339.369619488716,1.5770609318996416,0.8976987618116651,0.9933611566821108,0.8006767133748955,0.4484202466623052,1,frame_0032.tif,0,r,C:\Users\raglo\OneDrive - University of Arizona\Printz Lab\Data\Capillary_Bridges\My_better_CLB_videos\5-9\s2b_tifs,C:\Users\raglo\OneDrive - University of Arizona\Printz Lab\Data\Capillary_Bridges\masks_json_2b
51731.5,898.457931637764,0.8129496402877698,0.8233828866110652,0.9961487729027662,0.0956067291810501,0.452760012529646,1,frame_0032.tif,1,l,C:\Users\raglo\OneDrive - University of Arizona\Printz Lab\Data\Capillary_Bridges\My_better_CLB_videos\5-9\s2b_tifs,C:\Users\raglo\OneDrive - University of Arizona\Printz Lab\Data\Capillary_Bridges\masks_json_2b
108312.5,1330.1980472803116,1.5776173285198556,0.8947822782509562,0.9932188313831932,0.8032996914789731,0.4512287665699703,1,frame_0033.tif,0,r,C:\Users\raglo\OneDrive - University of Arizona\Printz Lab\Data\Capillary_Bridges\My_better_CLB_videos\5-9\s2b_tifs,C:\Users\raglo\OneDrive - University of Arizona\Printz Lab\Data\Capillary_Bridges\masks_json_2b
48542.5,878.8010774850845,0.7890909090909091,0.8134478424801005,0.994499190756182,0.0918877175592501,0.4582913338100589,1,frame_0033.tif,1,l,C:\Users\raglo\OneDrive - University of Arizona\Printz Lab\Data\Capillary_Bridges\My_better_CLB_videos\5-9\s2b_tifs,C:\Users\raglo\OneDrive - University of Arizona\Printz Lab\Data\Capillary_Bridges\masks_json_2b
108493.0,1362.3818100690842,1.4965753424657535,0.8502319676499169,0.9788209183466332,0.8036199609171041,0.4504658245318335,1,frame_0033.tif,5,r,C:\Users\raglo\OneDrive - University of Arizona\Printz Lab\Data\Capillary_Bridges\My_better_CLB_videos\5-9\s2b_tifs,C:\Users\raglo\OneDrive - University of Arizona\Printz Lab\Data\Capillary_Bridges\masks_json_2b
103017.0,1299.3279883861542,1.6463878326996195,0.9046180595193144,0.9940079893475366,0.8033940198253079,0.4588148621437422,1,frame_0034.tif,0,r,C:\Users\raglo\OneDrive - University of Arizona\Printz Lab\Data\Capillary_Bridges\My_better_CLB_videos\5-9\s2b_tifs,C:\Users\raglo\OneDrive - University of Arizona\Printz Lab\Data\Capillary_Bridges\masks_json_2b
46004.5,850.3157956600189,0.793233082706767,0.8196646830346007,0.9952298539751216,0.0894444021586843,0.4626430716615654,1,frame_0034.tif,1,l,C:\Users\raglo\OneDrive - University of Arizona\Printz Lab\Data\Capillary_Bridges\My_better_CLB_videos\5-9\s2b_tifs,C:\Users\raglo\OneDrive - University of Arizona\Printz Lab\Data\Capillary_Bridges\masks_json_2b
99105.5,1281.0853484869003,1.6784313725490196,0.9080584570276709,0.993583670441273,0.8047052150624326,0.4645544055549396,1,frame_0035.tif,0,r,C:\Users\raglo\OneDrive - University of Arizona\Printz Lab\Data\Capillary_Bridges\My_better_CLB_videos\5-9\s2b_tifs,C:\Users\raglo\OneDrive - University of Arizona\Printz Lab\Data\Capillary_Bridges\masks_json_2b
43304.0,826.5584365129471,0.7876447876447876,0.8195927019456432,0.9949110291668104,0.0864787554228383,0.4685266362949566,1,frame_0035.tif,1,l,C:\Users\raglo\OneDrive - University of Arizona\Printz Lab\Data\Capillary_Bridges\My_better_CLB_videos\5-9\s2b_tifs,C:\Users\raglo\OneDrive - University of Arizona\Printz Lab\Data\Capillary_Bridges\masks_json_2b
96325.5,1272.256921172142,1.6798418972332017,0.8958428272494768,0.9905546871786434,0.8071952775104743,0.4674578001596081,1,frame_0036.tif,0,r,C:\Users\raglo\OneDrive - University of Arizona\Printz Lab\Data\Capillary_Bridges\My_better_CLB_videos\5-9\s2b_tifs,C:\Users\raglo\OneDrive - University of Arizona\Printz Lab\Data\Capillary_Bridges\masks_json_2b
40895.0,801.9310188293457,0.782608695652174,0.8163652333612808,0.9952906531024496,0.0838184471787679,0.4731535758427647,1,frame_0036.tif,1,l,C:\Users\raglo\OneDrive - University of Arizona\Printz Lab\Data\Capillary_Bridges\My_better_CLB_videos\5-9\s2b_tifs,C:\Users\raglo\OneDrive - University of Arizona\Printz Lab\Data\Capillary_Bridges\masks_json_2b
90738.0,1392.3229347467422,1.7355371900826446,0.8927390791027154,0.980416097157768,0.8078588647568342,0.4748820649755229,1,frame_0037.tif,0,r,C:\Users\raglo\OneDrive - University of Arizona\Printz Lab\Data\Capillary_Bridges\My_better_CLB_videos\5-9\s2b_tifs,C:\Users\raglo\OneDrive - University of Arizona\Printz Lab\Data\Capillary_Bridges\masks_json_2b
38241.5,778.1736598014832,0.7868852459016393,0.8162888490437158,0.9929504323215538,0.081253279076094,0.4795910908447116,1,frame_0037.tif,1,l,C:\Users\raglo\OneDrive - University of Arizona\Printz Lab\Data\Capillary_Bridges\My_better_CLB_videos\5-9\s2b_tifs,C:\Users\raglo\OneDrive - University of Arizona\Printz Lab\Data\Capillary_Bridges\masks_json_2b
36004.5,769.6883797645569,0.7489878542510121,0.7879308458255827,0.989732805541811,0.0779197599069642,0.4828226017914936,1,frame_0038.tif,0,l,C:\Users\raglo\OneDrive - University of Arizona\Printz Lab\Data\Capillary_Bridges\My_better_CLB_videos\5-9\s2b_tifs,C:\Users\raglo\OneDrive - University of Arizona\Printz Lab\Data\Capillary_Bridges\masks_json_2b
33949.0,733.3036044836044,0.7758620689655172,0.8129549808429118,0.9932271324293092,0.0763232043053287,0.4893736996636139,1,frame_0039.tif,0,l,C:\Users\raglo\OneDrive - University of Arizona\Printz Lab\Data\Capillary_Bridges\My_better_CLB_videos\5-9\s2b_tifs,C:\Users\raglo\OneDrive - University of Arizona\Printz Lab\Data\Capillary_Bridges\masks_json_2b
81151.0,1263.4945095777512,1.7782608695652171,0.8626660997129797,0.9683139135985872,0.8094516581308808,0.4896841435510908,1,frame_0039.tif,1,r,C:\Users\raglo\OneDrive - University of Arizona\Printz Lab\Data\Capillary_Bridges\My_better_CLB_videos\5-9\s2b_tifs,C:\Users\raglo\OneDrive - University of Arizona\Printz Lab\Data\Capillary_Bridges\masks_json_2b
78364.5,1246.541191458702,1.7787610619469028,0.8625511821423855,0.9697196562370456,0.8146327443139354,0.4919226952780275,1,frame_0040.tif,0,r,C:\Users\raglo\OneDrive - University of Arizona\Printz Lab\Data\Capillary_Bridges\My_better_CLB_videos\5-9\s2b_tifs,C:\Users\raglo\OneDrive - University of Arizona\Printz Lab\Data\Capillary_Bridges\masks_json_2b
31742.0,712.1320297718048,0.7733333333333333,0.810779054916986,0.9911786288622774,0.0740643844233348,0.4943653486341524,1,frame_0040.tif,1,l,C:\Users\raglo\OneDrive - University of Arizona\Printz Lab\Data\Capillary_Bridges\My_better_CLB_videos\5-9\s2b_tifs,C:\Users\raglo\OneDrive - University of Arizona\Printz Lab\Data\Capillary_Bridges\masks_json_2b
29812.5,691.4041105508804,0.771689497716895,0.8055037691497122,0.9914696198742892,0.0717693704883006,0.4999758822878636,1,frame_0041.tif,0,l,C:\Users\raglo\OneDrive - University of Arizona\Printz Lab\Data\Capillary_Bridges\My_better_CLB_videos\5-9\s2b_tifs,C:\Users\raglo\OneDrive - University of Arizona\Printz Lab\Data\Capillary_Bridges\masks_json_2b
72688.5,1183.4528785943985,1.8009259259259258,0.865092116538132,0.9712974283938988,0.8212616971991588,0.4994323300741065,1,frame_0042.tif,0,r,C:\Users\raglo\OneDrive - University of Arizona\Printz Lab\Data\Capillary_Bridges\My_better_CLB_videos\5-9\s2b_tifs,C:\Users\raglo\OneDrive - University of Arizona\Printz Lab\Data\Capillary_Bridges\masks_json_2b
27909.0,666.6761863231659,0.780952380952381,0.8103658536585366,0.991755801144238,0.0697271716402041,0.5050211227672243,1,frame_0042.tif,1,l,C:\Users\raglo\OneDrive - University of Arizona\Printz Lab\Data\Capillary_Bridges\My_better_CLB_videos\5-9\s2b_tifs,C:\Users\raglo\OneDrive - University of Arizona\Printz Lab\Data\Capillary_Bridges\masks_json_2b
67827.0,1099.2447286844254,1.9,0.8924605263157894,0.9821317386078974,0.8248696154313965,0.505726941948826,1,frame_0043.tif,0,r,C:\Users\raglo\OneDrive - University of Arizona\Printz Lab\Data\Capillary_Bridges\My_better_CLB_videos\5-9\s2b_tifs,C:\Users\raglo\OneDrive - University of Arizona\Printz Lab\Data\Capillary_Bridges\masks_json_2b
26102.0,645.0193331241608,0.7832512315270936,0.8086873005545745,0.9906634279641718,0.0675076248745217,0.509344697400154,1,frame_0043.tif,1,l,C:\Users\raglo\OneDrive - University of Arizona\Printz Lab\Data\Capillary_Bridges\My_better_CLB_videos\5-9\s2b_tifs,C:\Users\raglo\OneDrive - University of Arizona\Printz Lab\Data\Capillary_Bridges\masks_json_2b
63722.5,1066.6589419841766,1.947643979057592,0.8968431571243596,0.9861568936967052,0.828158697116208,0.5105043106356695,1,frame_0044.tif,0,r,C:\Users\raglo\OneDrive - University of Arizona\Printz Lab\Data\Capillary_Bridges\My_better_CLB_videos\5-9\s2b_tifs,C:\Users\raglo\OneDrive - University of Arizona\Printz Lab\Data\Capillary_Bridges\masks_json_2b
24493.5,623.9482659101486,0.7897435897435897,0.8156343656343656,0.9932280367389144,0.0653961121297566,0.5145925238421909,1,frame_0044.tif,1,l,C:\Users\raglo\OneDrive - University of Arizona\Printz Lab\Data\Capillary_Bridges\My_better_CLB_videos\5-9\s2b_tifs,C:\Users\raglo\OneDrive - University of Arizona\Printz Lab\Data\Capillary_Bridges\masks_json_2b
22660.5,597.4629836082458,0.8054054054054054,0.8220750952294577,0.992227865837639,0.0636174947408004,0.5210709801185909,1,frame_0045.tif,1,l,C:\Users\raglo\OneDrive - University of Arizona\Printz Lab\Data\Capillary_Bridges\My_better_CLB_videos\5-9\s2b_tifs,C:\Users\raglo\OneDrive - University of Arizona\Printz Lab\Data\Capillary_Bridges\masks_json_2b
55122.5,985.6051197052002,2.0584795321637426,0.9157778442317916,0.9910642850079558,0.8375035134466631,0.5217298554895964,1,frame_0046.tif,1,r,C:\Users\raglo\OneDrive - University of Arizona\Printz Lab\Data\Capillary_Bridges\My_better_CLB_videos\5-9\s2b_tifs,C:\Users\raglo\OneDrive - University of Arizona\Printz Lab\Data\Capillary_Bridges\masks_json_2b
21023.0,577.2203435897827,0.8100558659217877,0.8099788094779425,0.9901796858441466,0.0617789887089576,0.525556484569496,1,frame_0046.tif,2,l,C:\Users\raglo\OneDrive - University of Arizona\Printz Lab\Data\Capillary_Bridges\My_better_CLB_videos\5-9\s2b_tifs,C:\Users\raglo\OneDrive - University of Arizona\Printz Lab\Data\Capillary_Bridges\masks_json_2b
51702.5,966.8599519729614,2.0,0.9051241203039108,0.9845657265819892,0.8438550856198846,0.5248961555909094,1,frame_0047.tif,0,r,C:\Users\raglo\OneDrive - University of Arizona\Printz Lab\Data\Capillary_Bridges\My_better_CLB_videos\5-9\s2b_tifs,C:\Users\raglo\OneDrive - University of Arizona\Printz Lab\Data\Capillary_Bridges\masks_json_2b
19762.0,567.2203438282013,0.7865168539325843,0.7930176565008026,0.9887674180071548,0.0594061945949657,0.5301914132081439,1,frame_0047.tif,1,l,C:\Users\raglo\OneDrive - University of Arizona\Printz Lab\Data\Capillary_Bridges\My_better_CLB_videos\5-9\s2b_tifs,C:\Users\raglo\OneDrive - University of Arizona\Printz Lab\Data\Capillary_Bridges\masks_json_2b
50136.0,950.1909056901932,2.080246913580247,0.9183426750192328,0.9896565337544414,0.8437795752530345,0.5271776644394365,1,frame_0047.tif,5,r,C:\Users\raglo\OneDrive - University of Arizona\Printz Lab\Data\Capillary_Bridges\My_better_CLB_videos\5-9\s2b_tifs,C:\Users\raglo\OneDrive - University of Arizona\Printz Lab\Data\Capillary_Bridges\masks_json_2b
18054.5,532.0071402788162,0.84472049689441,0.8245569967117282,0.9911885808399672,0.0582177673009671,0.5363564103965175,1,frame_0048.tif,2,l,C:\Users\raglo\OneDrive - University of Arizona\Printz Lab\Data\Capillary_Bridges\My_better_CLB_videos\5-9\s2b_tifs,C:\Users\raglo\OneDrive - University of Arizona\Printz Lab\Data\Capillary_Bridges\masks_json_2b
46290.5,913.9482654333116,2.1161290322580646,0.9105133752950432,0.989377504675394,0.8486531910809452,0.5325142649230572,1,frame_0048.tif,3,r,C:\Users\raglo\OneDrive - University of Arizona\Printz Lab\Data\Capillary_Bridges\My_better_CLB_videos\5-9\s2b_tifs,C:\Users\raglo\OneDrive - University of Arizona\Printz Lab\Data\Capillary_Bridges\masks_json_2b
16798.5,521.663994550705,0.825,0.7953835227272728,0.9867829764736982,0.056183780133077,0.5411237748694172,1,frame_0049.tif,1,l,C:\Users\raglo\OneDrive - University of Arizona\Printz Lab\Data\Capillary_Bridges\My_better_CLB_videos\5-9\s2b_tifs,C:\Users\raglo\OneDrive - University of Arizona\Printz Lab\Data\Capillary_Bridges\masks_json_2b
41908.0,868.8771976232529,2.136986301369863,0.920003512469266,0.9915298348554392,0.8559204208290011,0.5371822585599849,1,frame_0049.tif,2,r,C:\Users\raglo\OneDrive - University of Arizona\Printz Lab\Data\Capillary_Bridges\My_better_CLB_videos\5-9\s2b_tifs,C:\Users\raglo\OneDrive - University of Arizona\Printz Lab\Data\Capillary_Bridges\masks_json_2b
15534.0,496.1076453924179,0.8590604026845637,0.8144924496644296,0.988010812529814,0.0547595465736805,0.5466075446164256,1,frame_0050.tif,2,l,C:\Users\raglo\OneDrive - University of Arizona\Printz Lab\Data\Capillary_Bridges\My_better_CLB_videos\5-9\s2b_tifs,C:\Users\raglo\OneDrive - University of Arizona\Printz Lab\Data\Capillary_Bridges\masks_json_2b
37258.5,825.8061289787292,2.1366906474820144,0.90251435215464,0.9874902267396404,0.8629134924732397,0.5430066845511612,1,frame_0050.tif,3,r,C:\Users\raglo\OneDrive - University of Arizona\Printz Lab\Data\Capillary_Bridges\My_better_CLB_videos\5-9\s2b_tifs,C:\Users\raglo\OneDrive - University of Arizona\Printz Lab\Data\Capillary_Bridges\masks_json_2b
14497.5,484.3502860069275,0.8435374149659864,0.7953423304805793,0.988274992331027,0.0528165678495007,0.5509251635984874,1,frame_0051.tif,1,l,C:\Users\raglo\OneDrive - University of Arizona\Printz Lab\Data\Capillary_Bridges\My_better_CLB_videos\5-9\s2b_tifs,C:\Users\raglo\OneDrive - University of Arizona\Printz Lab\Data\Capillary_Bridges\masks_json_2b
33298.0,776.1076447963715,2.074626865671642,0.8938580478900462,0.9871777767895524,0.8726123412346293,0.5480624529721595,1,frame_0051.tif,3,r,C:\Users\raglo\OneDrive - University of Arizona\Printz Lab\Data\Capillary_Bridges\My_better_CLB_videos\5-9\s2b_tifs,C:\Users\raglo\OneDrive - University of Arizona\Printz Lab\Data\Capillary_Bridges\masks_json_2b
29822.5,731.0365775823593,2.112,0.9037121212121212,0.9893837604710956,0.8786112194346393,0.5538214842066885,1,frame_0052.tif,1,r,C:\Users\raglo\OneDrive - University of Arizona\Printz Lab\Data\Capillary_Bridges\My_better_CLB_videos\5-9\s2b_tifs,C:\Users\raglo\OneDrive - University of Arizona\Printz Lab\Data\Capillary_Bridges\masks_json_2b
13082.0,456.45079123973846,0.8888888888888888,0.8075308641975308,0.9880664652567976,0.0515025971140826,0.5568659194062038,1,frame_0052.tif,3,l,C:\Users\raglo\OneDrive - University of Arizona\Printz Lab\Data\Capillary_Bridges\My_better_CLB_videos\5-9\s2b_tifs,C:\Users\raglo\OneDrive - University of Arizona\Printz Lab\Data\Capillary_Bridges\masks_json_2b
26153.5,679.7228693962097,2.1206896551724137,0.916508971124194,0.9933532103993772,0.8865168946271433,0.5583597955535413,1,frame_0053.tif,2,r,C:\Users\raglo\OneDrive - University of Arizona\Printz Lab\Data\Capillary_Bridges\My_better_CLB_videos\5-9\s2b_tifs,C:\Users\raglo\OneDrive - University of Arizona\Printz Lab\Data\Capillary_Bridges\masks_json_2b
12193.0,444.4507930278778,0.8863636363636364,0.7894975394975395,0.9864487682537114,0.0496458129587433,0.5612991342689682,1,frame_0053.tif,3,l,C:\Users\raglo\OneDrive - University of Arizona\Printz Lab\Data\Capillary_Bridges\My_better_CLB_videos\5-9\s2b_tifs,C:\Users\raglo\OneDrive - University of Arizona\Printz Lab\Data\Capillary_Bridges\masks_json_2b
11000.0,418.3086565732956,0.9829059829059827,0.8175399479747306,0.9862817179234288,0.0495039718543416,0.5680008337800012,1,frame_0054.tif,2,l,C:\Users\raglo\OneDrive - University of Arizona\Printz Lab\Data\Capillary_Bridges\My_better_CLB_videos\5-9\s2b_tifs,C:\Users\raglo\OneDrive - University of Arizona\Printz Lab\Data\Capillary_Bridges\masks_json_2b
20544.0,602.3086562156677,1.9357798165137607,0.8932562285316753,0.9869094228136334,0.9030433306829092,0.5645194431108977,1,frame_0054.tif,3,r,C:\Users\raglo\OneDrive - University of Arizona\Printz Lab\Data\Capillary_Bridges\My_better_CLB_videos\5-9\s2b_tifs,C:\Users\raglo\OneDrive - University of Arizona\Printz Lab\Data\Capillary_Bridges\masks_json_2b
15956.5,522.0660146474838,1.7623762376237624,0.8875570141283792,0.987529397202624,0.9189614047167192,0.5693158057149911,1,frame_0055.tif,0,r,C:\Users\raglo\OneDrive - University of Arizona\Printz Lab\Data\Capillary_Bridges\My_better_CLB_videos\5-9\s2b_tifs,C:\Users\raglo\OneDrive - University of Arizona\Printz Lab\Data\Capillary_Bridges\masks_json_2b
10016.5,400.4091612100601,1.009009009009009,0.8057030244530244,0.9854395198976832,0.048101469849554,0.5726541866771211,1,frame_0055.tif,1,l,C:\Users\raglo\OneDrive - University of Arizona\Printz Lab\Data\Capillary_Bridges\My_better_CLB_videos\5-9\s2b_tifs,C:\Users\raglo\OneDrive - University of Arizona\Printz Lab\Data\Capillary_Bridges\masks_json_2b
13295.5,465.23758828639984,1.5612244897959184,0.8867213552087502,0.98987454863567,0.9304706866490308,0.5718220117409106,1,frame_0056.tif,1,r,C:\Users\raglo\OneDrive - University of Arizona\Printz Lab\Data\Capillary_Bridges\My_better_CLB_videos\5-9\s2b_tifs,C:\Users\raglo\OneDrive - University of Arizona\Printz Lab\Data\Capillary_Bridges\masks_json_2b
9574.0,390.9949471950531,1.0185185185185186,0.8058922558922559,0.9833607230895643,0.0474058231793255,0.5753090064233976,1,frame_0056.tif,4,l,C:\Users\raglo\OneDrive - University of Arizona\Printz Lab\Data\Capillary_Bridges\My_better_CLB_videos\5-9\s2b_tifs,C:\Users\raglo\OneDrive - University of Arizona\Printz Lab\Data\Capillary_Bridges\masks_json_2b
13311.5,463.5807337760925,1.5612244897959184,0.8877884487128185,0.9909919970221478,0.9303513170962676,0.5721129342202512,1,frame_0057.tif,1,r,C:\Users\raglo\OneDrive - University of Arizona\Printz Lab\Data\Capillary_Bridges\My_better_CLB_videos\5-9\s2b_tifs,C:\Users\raglo\OneDrive - University of Arizona\Printz Lab\Data\Capillary_Bridges\masks_json_2b
9474.5,387.580734372139,1.0377358490566038,0.8125643224699829,0.9840569173244704,0.0474505194847229,0.5750462972553081,1,frame_0057.tif,3,l,C:\Users\raglo\OneDrive - University of Arizona\Printz Lab\Data\Capillary_Bridges\My_better_CLB_videos\5-9\s2b_tifs,C:\Users\raglo\OneDrive - University of Arizona\Printz Lab\Data\Capillary_Bridges\masks_json_2b
13408.5,463.9238796234131,1.5454545454545454,0.8852247969895028,0.9913496728401908,0.9305222502614104,0.5717365228451228,1,frame_0058.tif,1,r,C:\Users\raglo\OneDrive - University of Arizona\Printz Lab\Data\Capillary_Bridges\My_better_CLB_videos\5-9\s2b_tifs,C:\Users\raglo\OneDrive - University of Arizona\Printz Lab\Data\Capillary_Bridges\masks_json_2b
9587.5,391.2375888824463,1.0185185185185186,0.8070286195286195,0.9822754981814455,0.0472079849204115,0.5749595659739993,1,frame_0058.tif,3,l,C:\Users\raglo\OneDrive - University of Arizona\Printz Lab\Data\Capillary_Bridges\My_better_CLB_videos\5-9\s2b_tifs,C:\Users\raglo\OneDrive - University of Arizona\Printz Lab\Data\Capillary_Bridges\masks_json_2b
13428.0,464.1665209531784,1.53,0.8776470588235294,0.9883703812748418,0.9305713938960944,0.5720313622041474,1,frame_0059.tif,1,r,C:\Users\raglo\OneDrive - University of Arizona\Printz Lab\Data\Capillary_Bridges\My_better_CLB_videos\5-9\s2b_tifs,C:\Users\raglo\OneDrive - University of Arizona\Printz Lab\Data\Capillary_Bridges\masks_json_2b
9572.0,388.9949480295181,1.02803738317757,0.8132540356839423,0.9859401555338104,0.0473550205705936,0.5751451519190676,1,frame_0059.tif,2,l,C:\Users\raglo\OneDrive - University of Arizona\Printz Lab\Data\Capillary_Bridges\My_better_CLB_videos\5-9\s2b_tifs,C:\Users\raglo\OneDrive - University of Arizona\Printz Lab\Data\Capillary_Bridges\masks_json_2b
9558.5,393.580734372139,1.0091743119266054,0.7972060050041702,0.9826770844042356,0.0472804809394888,0.5747082734551427,1,frame_0060.tif,2,l,C:\Users\raglo\OneDrive - University of Arizona\Printz Lab\Data\Capillary_Bridges\My_better_CLB_videos\5-9\s2b_tifs,C:\Users\raglo\OneDrive - University of Arizona\Printz Lab\Data\Capillary_Bridges\masks_json_2b
13432.0,466.1665204763413,1.54,0.8722077922077922,0.9869576398839046,0.9301830060384926,0.5713582381091903,1,frame_0061.tif,0,r,C:\Users\raglo\OneDrive - University of Arizona\Printz Lab\Data\Capillary_Bridges\My_better_CLB_videos\5-9\s2b_tifs,C:\Users\raglo\OneDrive - University of Arizona\Printz Lab\Data\Capillary_Bridges\masks_json_2b
9492.5,387.58073449134827,1.0377358490566038,0.8141080617495712,0.9821012880864932,0.0475487907707019,0.5757245942313656,1,frame_0061.tif,2,l,C:\Users\raglo\OneDrive - University of Arizona\Printz Lab\Data\Capillary_Bridges\My_better_CLB_videos\5-9\s2b_tifs,C:\Users\raglo\OneDrive - University of Arizona\Printz Lab\Data\Capillary_Bridges\masks_json_2b
13324.5,464.7523066997528,1.5714285714285714,0.8828849721706865,0.9888678615161972,0.929960265500406,0.5716598739909431,1,frame_0062.tif,1,r,C:\Users\raglo\OneDrive - University of Arizona\Printz Lab\Data\Capillary_Bridges\My_better_CLB_videos\5-9\s2b_tifs,C:\Users\raglo\OneDrive - University of Arizona\Printz Lab\Data\Capillary_Bridges\masks_json_2b
9594.0,392.99494755268097,1.0091743119266054,0.8001668056713929,0.9830925299723332,0.047210109664263,0.574741127135113,1,frame_0062.tif,2,l,C:\Users\raglo\OneDrive - University of Arizona\Printz Lab\Data\Capillary_Bridges\My_better_CLB_videos\5-9\s2b_tifs,C:\Users\raglo\OneDrive - University of Arizona\Printz Lab\Data\Capillary_Bridges\masks_json_2b
13457.0,464.5096663236618,1.5714285714285714,0.8916644579909886,0.9927701954998156,0.9300007397227096,0.5713667227218445,1,frame_0063.tif,1,r,C:\Users\raglo\OneDrive - University of Arizona\Printz Lab\Data\Capillary_Bridges\My_better_CLB_videos\5-9\s2b_tifs,C:\Users\raglo\OneDrive - University of Arizona\Printz Lab\Data\Capillary_Bridges\masks_json_2b
9555.0,390.9949480295181,1.02803738317757,0.8118096856414614,0.9848484848484848,0.0473487887696415,0.5750551504570196,1,frame_0063.tif,2,l,C:\Users\raglo\OneDrive - University of Arizona\Printz Lab\Data\Capillary_Bridges\My_better_CLB_videos\5-9\s2b_tifs,C:\Users\raglo\OneDrive - University of Arizona\Printz Lab\Data\Capillary_Bridges\masks_json_2b
